,g_energy,temp_high,temp_avg,temp_low,dew_high,dew_avg,dew_low,humid_high,humid_avg,humid_low,press_high,press_avg,press_low,visib_high,visib_avg,visib_low,wind_high,wind_avg,precip_sum,rain,snow,fog,thunderstorm,hail
2013-12-24,304.0,-14,-18,-22,-17,-21,-27,85,79,60,1044,1026,1022,10,6,0,14,5,1.02,0,1,0,0,0
2013-12-25,270.0,-15,-23,-31,-17,-24,-35,85,77,50,1055,1035,1026,19,9,2,14,6,2.29,0,1,0,0,0
2013-12-26,410.0,-18,-26,-33,-23,-29,-36,84,74,49,1054,1033,1028,6,4,2,11,3,0.0,0,1,0,0,0
2013-12-27,174.0,-23,-29,-35,-27,-33,-39,77,70,56,1053,1029,1023,6,3,0,6,2,6.1,0,0,1,0,0
2013-12-28,400.0,-18,-26,-33,-23,-31,-38,78,72,49,1047,1020,1010,6,3,0,6,3,3.81,0,0,1,0,0
2013-12-29,298.0,-13,-19,-25,-18,-24,-31,85,75,56,1031,1012,1008,5,3,0,14,3,0.0,0,0,0,0,0
2013-12-31,382.0,-7,-13,-19,-12,-17,-22,85,74,44,1023,1007,1004,10,9,2,14,8,0.0,0,0,0,0,0
2014-01-01,1002.0,-4,-11,-19,-12,-16,-21,92,72,37,1021,1009,1005,10,10,10,14,6,0.76,0,0,0,0,0
2014-01-02,1098.0,-6,-13,-21,-13,-18,-24,92,74,46,1034,1015,1007,10,8,0,11,6,2.29,0,0,0,0,0
2014-01-03,364.0,-10,-18,-25,-17,-21,-28,85,77,46,1035,1018,1013,8,5,2,11,3,2.54,0,0,0,0,0
2014-01-04,228.0,-13,-19,-25,-16,-19,-28,92,82,58,1032,1017,1012,8,4,0,11,3,0.0,0,1,0,0,0
2014-01-05,236.0,-11,-19,-27,-16,-22,-30,92,78,44,1032,1012,1006,10,5,2,11,5,0.0,0,1,0,0,0
2014-01-06,338.0,-15,-22,-29,-18,-23,-32,85,75,51,1046,1019,1007,10,8,3,26,10,0.0,0,1,0,0,0
2014-01-07,228.0,-23,-29,-36,-27,-34,-41,84,71,56,1054,1031,1024,10,7,2,14,5,9.65,0,1,0,0,0
2014-01-08,196.0,-24,-31,-38,-29,-38,-44,76,66,50,1054,1028,1021,6,4,0,11,3,7.37,0,0,0,0,0
2014-01-09,258.0,-22,-29,-37,-28,-36,-42,76,67,44,1047,1022,1017,5,4,0,11,5,8.64,0,0,0,0,0
2014-01-10,242.0,-19,-27,-35,-26,-32,-40,77,69,38,1046,1024,1019,5,3,0,6,5,8.64,0,0,0,0,0
2014-01-11,242.0,-18,-27,-36,-24,-32,-40,84,71,52,1052,1030,1023,5,4,0,14,3,7.11,0,0,0,0,0
2014-01-12,258.0,-18,-26,-34,-24,-32,-38,77,69,40,1053,1031,1027,5,4,0,6,5,14.22,0,0,0,0,0
2014-01-13,254.0,-17,-26,-34,-24,-31,-38,77,70,41,1050,1028,1024,5,3,2,11,3,6.1,0,0,0,0,0
2014-01-14,224.0,-16,-24,-32,-22,-29,-36,84,72,44,1050,1029,1024,5,3,0,11,3,4.57,0,0,1,0,0
2014-01-15,328.0,-13,-22,-30,-21,-28,-35,84,70,42,1044,1023,1018,10,5,2,11,3,5.08,0,0,0,0,0
2014-01-16,294.0,-14,-21,-29,-19,-27,-35,84,71,47,1047,1026,1019,10,5,0,21,5,3.81,0,0,0,0,0
2014-01-17,324.0,-13,-22,-32,-20,-28,-36,85,73,42,1049,1028,1024,8,4,0,11,3,4.06,0,0,1,0,0
2014-01-18,108.0,-10,-19,-29,-18,-24,-33,85,71,36,1044,1020,1013,10,6,2,14,3,1.27,0,1,0,0,0
2014-01-19,44.0,-13,-20,-28,-17,-21,-31,85,75,50,1049,1026,1016,10,9,2,29,13,0.51,0,1,0,0,0
2014-01-20,308.0,-14,-23,-32,-20,-28,-36,85,72,44,1051,1030,1023,8,4,0,11,3,4.06,0,0,0,0,0
2014-01-21,322.0,-11,-20,-29,-19,-27,-33,77,68,33,1041,1019,1012,5,5,0,11,3,2.29,0,0,0,0,0
2014-05-14,23396.0,10,3,-4,-2,-6,-8,86,55,22,1022,1008,1004,10,9,2,21,8,0.76,1,1,0,0,0
2014-05-17,40584.0,16,8,0,-2,-6,-10,80,39,12,1023,1016,1011,10,10,3,29,11,2.03,0,0,0,0,0
2014-05-18,17230.0,13,9,4,6,1,-4,93,64,23,1017,1012,1010,10,10,3,40,10,2.03,1,0,0,0,0
2014-05-19,25920.0,12,7,3,4,2,-4,100,71,43,1015,1009,1007,10,9,0,35,11,0.0,1,0,1,0,0
2014-05-20,29212.0,14,7,-1,2,-2,-4,93,55,22,1019,1010,1005,10,10,2,21,8,2.03,1,0,0,0,0
2014-05-21,30114.0,24,16,8,6,-1,-7,67,31,9,1007,1001,992,10,10,6,58,14,0.0,1,0,0,0,0
2014-05-22,41000.0,14,10,5,4,1,-5,81,51,23,1017,1008,1000,10,9,2,35,14,5.08,0,0,0,0,0
2014-05-23,40306.0,19,13,6,4,-2,-8,75,41,8,1019,1013,1007,10,10,10,32,11,2.03,0,0,0,0,0
2014-05-24,9268.0,11,7,3,7,2,-2,93,71,44,1017,1009,1006,19,9,6,35,18,7.11,1,0,0,0,0
2014-05-25,43688.0,19,9,0,5,0,-3,93,55,14,1020,1010,1002,10,10,10,26,8,0.0,0,0,0,0,0
2014-05-26,36852.0,20,13,6,5,1,-4,87,51,12,1007,1004,998,10,10,10,50,11,0.0,1,0,0,0,0
2014-05-27,36574.0,23,13,3,4,1,-2,93,48,13,1012,1004,996,10,10,10,35,11,1.52,0,0,0,0,0
2014-05-28,40088.0,22,14,8,4,2,-1,81,46,14,1005,1004,999,10,10,10,29,10,0.0,0,0,0,0,0
2014-05-29,41378.0,27,18,9,6,3,-2,81,40,8,1007,1004,995,19,10,10,21,8,0.76,0,0,0,0,0
2014-05-30,39272.0,31,21,12,6,1,-4,81,32,6,1005,1001,990,10,10,10,26,8,0.0,0,0,0,0,0
2014-05-31,39750.0,32,23,13,7,2,-4,67,30,6,1003,1000,989,10,10,2,29,8,1.78,0,0,0,0,0
2014-06-01,39068.0,17,12,6,9,6,2,77,58,29,1017,1008,1000,10,10,2,40,14,3.3,0,0,0,0,0
2014-06-02,32768.0,21,12,4,2,-1,-5,81,43,12,1020,1016,1010,10,10,10,29,16,0.76,0,0,0,0,0
2014-06-03,11528.0,13,11,10,9,7,0,88,70,28,1016,1014,1011,10,9,2,29,11,6.1,1,0,0,0,0
2014-06-04,21098.0,11,7,2,8,2,-7,87,63,30,1018,1013,1011,10,10,10,35,11,0.51,1,0,0,0,0
2014-06-05,43888.0,18,9,1,0,-3,-6,93,45,11,1021,1014,1007,19,10,10,18,8,4.06,0,0,0,0,0
2014-06-06,41712.0,25,15,5,2,-2,-6,93,35,7,1015,1008,1000,10,10,10,35,11,0.0,0,0,0,0,0
2014-06-07,28830.0,19,13,6,5,1,-6,81,44,12,1014,1007,1001,10,10,10,40,23,0.0,0,0,0,0,0
2014-06-08,45554.0,18,11,5,4,-1,-3,93,46,17,1018,1014,1009,10,10,10,35,16,0.0,0,0,0,0,0
2014-06-09,36174.0,23,14,6,5,-2,-11,87,38,6,1019,1014,1006,10,10,10,18,8,1.52,0,0,0,0,0
2014-06-10,41812.0,26,18,10,7,4,1,87,42,11,1017,1015,1007,10,10,10,26,10,0.76,0,0,0,0,0
2014-06-11,26532.0,30,22,14,7,3,-4,63,29,7,1018,1014,1002,10,10,10,40,18,0.76,0,0,0,0,0
2014-06-12,44160.0,22,16,8,5,1,-3,54,33,11,1020,1017,1012,10,10,10,29,16,0.51,0,0,0,0,0
2014-06-13,41752.0,27,17,8,2,-1,-5,76,33,7,1020,1015,1006,19,10,10,14,8,0.0,0,0,0,0,0
2014-06-14,32010.0,28,20,13,9,2,-2,63,34,8,1013,1010,1001,10,10,10,29,11,2.03,0,0,0,1,0
2014-06-15,15652.0,14,11,9,11,9,6,94,77,59,1012,1009,1007,19,10,2,32,16,6.1,1,0,0,0,0
2014-06-16,38798.0,18,12,7,6,3,0,87,54,21,1013,1010,1006,10,10,10,35,18,4.06,0,0,0,0,0
2014-06-17,39350.0,18,12,6,5,1,-1,93,47,20,1014,1010,1006,10,10,3,26,10,1.52,0,0,0,0,0
2014-06-18,24428.0,17,12,7,9,4,1,88,59,28,1013,1011,1008,10,10,10,29,10,0.51,1,0,0,0,0
2014-06-19,12182.0,14,12,10,10,8,6,94,82,60,1012,1012,1011,10,9,2,14,5,10.92,1,0,0,1,0
2014-06-20,33942.0,19,14,9,11,9,6,94,67,31,1014,1012,1008,10,10,10,32,10,0.25,1,0,0,0,0
2014-06-21,34904.0,21,14,9,11,8,6,93,67,40,1017,1015,1009,10,10,3,21,6,7.11,1,0,0,1,0
2014-06-22,29848.0,21,16,11,13,9,7,94,66,40,1018,1016,1011,19,10,10,32,8,0.0,1,0,0,1,0
2014-06-23,28118.0,24,18,13,12,11,9,82,60,31,1015,1010,1002,10,10,10,21,10,0.0,1,0,0,1,0
2014-06-24,31172.0,21,16,11,12,10,8,100,74,36,1009,1006,1001,19,10,8,26,6,0.51,1,0,0,1,0
2014-06-25,41084.0,22,17,11,12,9,6,88,63,27,1015,1011,1006,19,10,3,32,13,2.29,0,0,0,1,0
2014-06-26,32910.0,24,17,10,9,7,4,93,54,20,1018,1016,1010,10,10,3,18,5,0.0,1,0,0,0,0
2014-08-13,1528036.0,24,17,10,9,7,4,87,54,21,1018,1015,1008,10,10,10,29,8,1.78,0,0,0,0,0
2014-08-14,32682.0,26,19,11,9,6,3,93,56,15,1016,1014,1005,19,10,2,14,5,1.52,0,0,0,0,0
2014-08-15,26480.0,28,20,12,8,6,2,87,49,13,1015,1012,1004,19,10,3,40,6,0.0,1,0,0,0,0
2014-08-16,30162.0,27,20,13,9,7,4,77,48,17,1014,1012,1004,10,10,10,26,8,0.0,1,0,0,1,0
2014-08-17,33778.0,28,19,11,9,7,4,100,51,15,1016,1014,1005,10,10,10,21,6,4.06,0,0,0,0,0
2014-08-18,30412.0,29,20,12,8,4,-3,93,46,8,1019,1017,1007,10,10,10,14,5,3.3,0,0,0,0,0
2014-08-19,28588.0,26,20,14,12,9,6,82,54,23,1019,1017,1010,10,10,10,21,8,4.32,0,0,0,0,0
2014-08-20,27738.0,26,19,13,12,10,7,82,56,23,1018,1014,1006,19,10,2,14,6,4.32,0,0,0,0,0
2014-08-21,11556.0,22,17,12,16,12,0,94,73,19,1013,1009,1000,10,10,2,21,8,14.99,1,0,0,1,0
2014-08-22,20630.0,14,11,6,13,6,2,94,73,37,1019,1013,1007,10,10,3,35,16,0.0,1,0,0,0,0
2014-08-23,28720.0,17,11,4,5,3,1,93,61,25,1021,1017,1012,10,10,10,21,8,0.0,0,0,0,0,0
2014-08-24,28994.0,21,13,6,7,3,0,93,57,19,1020,1016,1010,10,10,10,14,3,0.51,0,0,0,0,0
2014-08-25,29664.0,21,16,9,7,4,3,87,50,21,1016,1014,1009,19,10,10,26,8,1.27,0,0,0,0,0
2014-08-26,14132.0,19,16,11,11,6,1,82,57,22,1017,1016,1013,19,10,10,21,11,0.76,1,0,0,0,0
2014-08-27,29520.0,24,17,9,10,6,1,93,57,12,1017,1015,1008,10,10,10,18,3,0.25,0,0,0,0,0
2014-08-28,30466.0,28,20,12,8,4,0,82,39,10,1016,1014,1005,19,11,10,29,10,2.54,0,0,0,0,0
2014-08-29,30520.0,23,16,9,13,4,-3,94,48,11,1019,1016,1011,10,10,10,29,11,3.05,1,0,0,0,0
2014-08-30,30196.0,19,11,4,6,1,-3,81,46,19,1025,1021,1016,10,10,10,21,11,2.54,0,0,0,0,0
2014-08-31,28596.0,19,12,4,3,-1,-9,87,49,10,1025,1021,1016,10,10,3,26,6,3.3,0,0,0,0,0
2014-09-01,28444.0,22,13,4,0,-6,-14,93,39,6,1026,1021,1013,19,13,10,14,5,1.78,0,0,0,0,0
2014-09-02,26706.0,28,17,6,2,-2,-4,75,37,8,1022,1016,1006,10,8,3,14,3,2.29,0,0,0,0,0
2014-09-03,24830.0,32,20,9,6,1,-5,81,38,6,1013,1010,998,10,10,10,18,3,1.52,0,0,0,0,0
2014-09-04,23718.0,31,21,11,9,2,-5,81,38,7,1009,1007,996,10,10,2,18,6,1.78,0,0,0,0,0
2014-09-05,22374.0,18,14,9,10,7,5,82,63,38,1014,1011,1007,19,10,3,26,11,0.0,1,0,0,0,0
2014-09-06,6300.0,12,9,5,11,6,1,94,84,68,1018,1010,1005,10,9,3,29,14,6.1,1,0,0,0,0
2014-09-07,29306.0,13,9,4,3,1,-3,87,62,26,1021,1017,1014,10,10,10,29,18,0.0,1,0,0,0,0
2014-09-08,18580.0,17,11,4,6,2,-1,93,62,22,1021,1014,1009,10,10,3,14,5,0.0,1,0,0,0,0
2014-09-09,26080.0,19,12,4,6,3,-4,93,64,14,1020,1014,1008,19,10,3,14,6,2.29,0,0,0,0,0
2014-09-10,25030.0,26,16,6,4,-1,-6,93,45,7,1014,1010,1001,10,10,2,21,6,2.03,0,0,0,0,0
2014-09-11,23588.0,25,16,7,1,-2,-5,87,39,8,1013,1010,1003,10,10,10,26,8,0.76,0,0,0,0,0
2014-09-12,18182.0,21,13,4,7,2,-3,87,51,13,1015,1010,1006,10,10,2,35,10,1.78,1,0,0,0,0
2014-09-13,18532.0,8,3,-2,2,0,-3,93,73,46,1028,1018,1012,19,10,10,32,19,0.51,1,0,0,0,0
2014-09-14,27394.0,11,5,-1,2,-3,-7,93,64,19,1029,1023,1022,10,9,2,29,10,1.78,0,0,0,0,0
2014-09-15,23746.0,17,9,0,-1,-4,-8,93,52,11,1030,1020,1014,10,9,3,14,5,1.02,0,0,0,0,0
2014-09-16,23504.0,20,10,1,-2,-4,-7,93,47,8,1021,1017,1012,10,9,2,14,5,0.0,0,0,0,0,0
2014-09-17,23304.0,21,12,3,-1,-4,-7,86,40,9,1023,1018,1012,10,10,10,26,5,0.0,0,0,0,0,0
2014-09-18,23344.0,20,12,4,2,-2,-7,70,36,16,1016,1014,1009,10,10,10,26,8,2.03,0,0,0,0,0
2014-09-19,21964.0,18,9,1,3,-3,-8,93,51,8,1017,1014,1009,10,9,3,26,6,0.51,0,0,0,0,0
2014-09-20,21320.0,22,12,2,-1,-4,-6,86,41,9,1019,1012,1005,10,9,2,43,11,1.27,0,0,0,0,0
2014-09-21,20886.0,8,1,-6,0,-4,-9,86,56,23,1031,1022,1010,10,10,3,40,21,0.0,1,0,0,0,0
2014-09-22,22450.0,15,5,-5,-6,-9,-11,86,46,11,1034,1024,1019,10,9,8,14,6,1.78,0,0,0,0,0
2014-09-23,20762.0,18,8,-1,-3,-7,-10,74,39,10,1027,1020,1013,10,10,8,26,6,1.52,0,0,0,0,0
2014-09-24,19738.0,14,7,-1,-3,-7,-10,93,41,12,1026,1020,1018,10,10,2,26,8,0.0,0,0,0,0,0
2014-09-25,18938.0,14,7,-1,-8,-9,-11,64,35,9,1023,1015,1011,10,10,10,11,3,0.51,0,0,0,0,0
2014-09-26,19460.0,16,7,-2,-5,-9,-13,80,40,8,1019,1012,1009,10,9,8,26,6,1.02,0,0,0,0,0
2014-09-27,19928.0,7,2,-2,-3,-7,-11,74,56,28,1026,1015,1010,19,10,3,32,10,6.6,0,0,0,0,0
2014-09-28,462.0,-1,-3,-5,-3,-6,-9,94,81,61,1037,1024,1018,19,7,1,26,13,3.05,0,1,0,0,0
2014-09-29,11902.0,5,-3,-12,-4,-9,-16,92,64,34,1041,1028,1023,10,10,3,21,10,0.76,0,0,0,0,0
2014-09-30,13996.0,7,2,-3,0,-4,-11,93,65,36,1029,1019,1016,19,10,10,14,5,0.0,0,0,0,0,0
2014-10-01,19276.0,13,4,-4,-1,-3,-7,93,65,23,1024,1017,1014,10,9,2,14,5,0.0,0,0,0,0,0
2014-10-02,17954.0,12,5,-2,0,-2,-7,93,62,20,1023,1016,1013,10,9,2,11,3,3.56,0,0,0,0,0
2014-10-03,13632.0,12,6,-1,-1,-3,-6,93,57,20,1026,1017,1014,10,10,3,35,8,0.25,0,0,0,0,0
2014-10-04,16982.0,10,3,-4,-4,-7,-10,86,54,16,1033,1026,1023,10,9,3,18,6,0.0,0,0,0,0,0
2014-10-05,14052.0,13,4,-5,-2,-6,-9,86,51,17,1032,1023,1019,19,10,3,21,5,1.78,0,0,0,0,0
2014-10-06,15788.0,13,6,-1,-1,-3,-5,80,52,20,1022,1018,1017,10,9,2,21,6,3.3,0,0,0,0,0
2014-10-07,14046.0,14,6,-3,-1,-4,-8,93,54,19,1021,1016,1013,10,9,2,21,8,0.0,1,0,0,0,0
2014-10-08,16186.0,16,8,1,-1,-3,-6,86,49,18,1020,1013,1008,10,10,2,35,13,3.81,1,0,0,0,0
2014-10-09,14076.0,17,10,3,-2,-4,-7,86,45,15,1021,1014,1010,10,10,10,43,11,0.0,0,0,0,0,0
2014-10-10,5192.0,7,3,-1,2,-1,-4,93,71,37,1028,1017,1014,10,9,2,26,13,0.76,1,1,0,0,0
2014-10-11,11440.0,1,-6,-11,-4,-8,-13,86,66,32,1043,1030,1022,10,10,10,21,14,0.0,0,1,0,0,0
2014-10-12,16590.0,7,-3,-14,-9,-16,-21,93,44,6,1045,1030,1021,8,7,2,29,10,0.0,0,0,0,0,0
2014-10-13,14660.0,10,0,-9,-11,-16,-21,67,31,6,1027,1017,1014,10,9,3,18,6,0.0,0,0,0,0,0
2014-10-14,9336.0,7,-1,-9,-4,-10,-14,93,53,16,1025,1014,1011,10,9,2,21,5,0.0,0,0,0,0,0
2014-10-15,14586.0,9,-1,-12,-6,-10,-13,93,58,13,1027,1016,1012,19,9,2,26,8,0.76,0,0,0,0,0
2014-10-16,13010.0,12,3,-6,-7,-9,-13,74,45,15,1020,1012,1010,10,9,2,21,5,3.56,0,0,0,0,0
2014-10-17,13026.0,14,3,-8,-7,-9,-11,86,47,11,1022,1013,1010,19,9,2,32,8,1.02,0,0,0,0,0
2014-10-18,12610.0,16,4,-7,-7,-9,-12,86,40,7,1019,1008,1001,19,9,2,29,6,1.52,0,0,0,0,0
2014-10-19,12482.0,2,-2,-7,-5,-8,-13,86,60,35,1029,1015,1005,19,10,2,26,11,0.25,0,0,0,0,0
2014-10-20,11716.0,6,-3,-12,-8,-12,-15,85,57,22,1033,1023,1020,10,9,2,14,5,0.0,0,0,0,0,0
2014-10-21,11226.0,13,1,-11,-7,-9,-13,86,51,13,1029,1019,1014,10,7,2,11,3,0.25,0,0,0,0,0
2014-10-22,10648.0,14,3,-8,-5,-8,-11,86,51,14,1022,1014,1011,10,8,2,14,5,2.29,0,0,0,0,0
2014-10-23,10006.0,12,3,-5,-3,-6,-9,80,53,25,1017,1010,1007,19,9,2,14,5,3.05,0,0,0,0,0
2014-10-24,10116.0,10,2,-5,-2,-6,-9,93,59,24,1016,1009,1007,10,9,0,14,6,1.27,0,0,0,0,0
2014-11-18,4994.0,2,-8,-19,-14,-18,-23,85,57,16,1037,1019,1013,10,6,2,14,3,0.76,0,0,0,0,0
2014-11-19,4284.0,0,-8,-15,-8,-16,-21,85,58,17,1025,1006,1000,19,9,2,26,6,2.54,0,1,0,0,0
2014-11-20,5138.0,-5,-11,-16,-11,-13,-18,85,71,45,1027,1013,1005,10,9,2,29,11,0.0,0,1,0,0,0
2014-11-21,4808.0,-7,-12,-20,-14,-19,-23,85,59,18,1034,1018,1013,10,8,0,18,6,0.0,0,1,0,0,0
2014-11-22,5242.0,-6,-14,-23,-18,-21,-27,78,58,23,1029,1013,1009,10,7,2,14,5,0.25,0,0,0,0,0
2014-11-23,5016.0,-4,-12,-21,-16,-21,-26,78,63,23,1038,1021,1014,10,5,0,11,3,2.29,0,0,0,0,0
2014-11-24,5220.0,-1,-9,-18,-17,-19,-22,78,51,14,1032,1013,1005,10,8,2,21,8,3.56,0,0,0,0,0
2014-11-25,1410.0,-2,-9,-15,-10,-18,-22,80,53,17,1015,996,988,10,9,3,35,5,3.05,0,1,0,0,0
2014-11-30,3926.0,-20,-25,-30,-23,-27,-34,76,63,42,1056,1029,1018,10,9,8,32,19,0.0,0,1,0,0,0
2014-12-01,5700.0,-16,-23,-32,-26,-31,-37,70,56,27,1055,1026,1020,8,6,2,18,5,3.56,0,0,0,0,0
2014-12-02,4922.0,-16,-23,-31,-24,-29,-35,77,61,32,1049,1027,1020,10,6,0,29,5,4.32,0,0,0,0,0
2014-12-03,5178.0,-15,-22,-30,-23,-28,-34,77,61,33,1051,1030,1026,10,7,2,18,6,9.14,0,0,0,0,0
2014-12-04,4882.0,-12,-21,-29,-23,-28,-34,77,59,24,1048,1027,1022,8,6,0,11,5,7.87,0,0,0,0,0
2014-12-05,4376.0,-12,-20,-29,-19,-26,-32,77,60,27,1042,1023,1018,8,5,0,11,2,3.81,0,0,0,0,0
2014-12-06,4754.0,-13,-18,-23,-21,-22,-26,78,61,35,1044,1024,1019,10,7,0,26,6,2.54,0,0,0,0,0
2014-12-07,2344.0,-13,-19,-25,-18,-23,-30,85,76,58,1045,1024,1018,10,6,2,11,3,0.0,0,1,0,0,0
2014-12-08,2750.0,-8,-18,-27,-19,-24,-31,84,66,29,1041,1021,1017,8,6,2,11,3,4.83,0,0,0,0,0
2014-12-09,3052.0,-13,-15,-17,-16,-19,-23,85,70,47,1039,1021,1017,10,8,2,21,6,0.0,0,1,0,0,0
2014-12-10,4000.0,-13,-18,-23,-17,-21,-26,85,75,50,1045,1028,1011,19,10,2,21,10,2.03,0,1,0,0,0
2014-12-11,3268.0,-16,-21,-25,-20,-24,-29,84,73,50,1045,1027,1022,10,9,2,14,5,4.06,0,1,0,0,0
2014-12-12,2372.0,-11,-19,-27,-19,-24,-30,84,67,40,1042,1023,1020,10,6,0,14,8,0.0,0,0,0,0,0
2014-12-13,4032.0,-12,-20,-28,-19,-24,-31,84,72,46,1040,1021,1017,8,5,0,11,3,0.0,0,0,0,0,0
2014-12-14,1778.0,-13,-18,-23,-18,-21,-26,85,71,43,1045,1024,1016,10,8,2,32,8,0.25,0,1,0,0,0
2014-12-15,1470.0,-14,-21,-27,-19,-25,-31,84,72,56,1050,1031,1027,10,9,2,29,8,0.0,0,1,0,0,0
2014-12-16,1506.0,-11,-18,-25,-18,-23,-28,78,68,43,1047,1028,1024,10,9,2,14,5,0.0,0,1,0,0,0
2014-12-17,3826.0,-8,-17,-25,-15,-22,-27,85,74,49,1041,1020,1014,5,4,0,11,3,0.0,0,0,0,0,0
2014-12-18,1466.0,-10,-17,-25,-15,-21,-28,85,74,52,1043,1021,1013,10,8,2,29,6,0.0,0,1,0,0,0
2014-12-19,1286.0,-14,-21,-28,-20,-24,-31,85,74,53,1046,1028,1024,10,9,2,14,6,0.0,0,0,0,0,0
2014-12-20,1182.0,-16,-22,-29,-19,-26,-34,84,71,51,1050,1030,1025,10,10,2,14,3,0.0,0,1,0,0,0
2014-12-21,1534.0,-7,-16,-24,-15,-21,-27,85,71,41,1041,1024,1018,10,8,0,14,3,1.27,0,0,0,0,0
2014-12-22,1348.0,-9,-17,-25,-15,-22,-29,85,74,47,1035,1018,1013,8,5,0,6,3,1.27,0,0,0,0,0
2014-12-25,8158.0,-7,-16,-26,-16,-21,-30,84,68,36,1043,1024,1019,10,6,2,14,5,2.29,0,0,0,0,0
2014-12-26,2062.0,-10,-18,-26,-18,-23,-29,85,71,46,1040,1022,1018,10,5,2,14,3,2.03,0,0,0,0,0
2014-12-27,1708.0,-9,-18,-27,-18,-24,-30,84,71,39,1042,1023,1018,10,4,0,6,3,0.0,0,0,0,0,0
2014-12-28,2726.0,-7,-14,-22,-16,-21,-28,85,69,41,1035,1013,1008,10,5,2,11,3,4.32,0,0,0,0,0
2014-12-29,1104.0,-11,-17,-22,-13,-18,-25,92,80,69,1030,1014,1010,10,6,0,18,5,1.02,0,1,0,0,0
2014-12-30,838.0,-16,-22,-29,-17,-23,-33,85,71,50,1051,1027,1015,10,9,2,21,13,0.0,0,1,0,0,0
2014-12-31,2210.0,-17,-26,-34,-23,-31,-38,77,69,44,1053,1030,1022,8,4,0,11,5,8.89,0,0,0,0,0
2015-01-01,2092.0,-10,-19,-28,-19,-25,-33,78,65,32,1043,1024,1019,10,5,0,6,3,5.59,0,0,0,0,0
2015-01-02,988.0,-8,-17,-25,-17,-23,-29,84,69,40,1038,1012,1004,10,6,2,11,3,4.06,0,0,0,0,0
2015-01-03,1900.0,-6,-16,-25,-16,-22,-28,85,70,34,1026,1009,1004,6,3,0,11,3,4.32,0,0,0,0,0
2015-01-04,2882.0,-6,-12,-23,-10,-16,-26,85,74,54,1037,1009,1000,19,7,2,32,8,0.0,0,1,0,0,0
2015-01-05,1232.0,-15,-20,-26,-19,-25,-30,85,71,47,1044,1025,1020,10,9,2,11,5,0.0,0,1,0,0,0
2015-01-06,1572.0,-10,-18,-26,-19,-24,-31,84,66,30,1042,1022,1017,10,7,3,14,3,0.76,0,0,0,0,0
2015-01-07,1776.0,-12,-19,-27,-19,-24,-31,84,67,36,1042,1023,1017,10,6,0,14,3,3.56,0,0,0,0,0
2015-01-08,1428.0,-13,-21,-29,-20,-27,-33,77,70,41,1047,1029,1023,8,4,0,11,3,0.0,0,0,0,0,0
2015-01-09,1910.0,-10,-18,-26,-17,-24,-30,84,70,40,1044,1023,1017,6,4,0,11,3,0.0,0,0,0,0,0
2015-01-10,1996.0,-5,-15,-25,-16,-23,-28,85,69,34,1038,1022,1017,5,4,0,11,3,1.52,0,0,0,0,0
2015-01-11,1200.0,-4,-15,-26,-16,-23,-29,84,67,28,1038,1023,1019,8,6,2,11,5,3.56,0,0,0,0,0
2015-01-12,3324.0,-10,-18,-25,-16,-22,-28,85,73,50,1044,1027,1021,8,5,2,14,3,0.0,0,0,0,0,0
2015-01-13,3314.0,-8,-18,-27,-16,-23,-30,85,73,46,1045,1028,1024,8,4,0,11,3,0.0,0,0,0,0,0
2015-01-14,1602.0,-10,-17,-24,-14,-20,-27,85,75,56,1042,1026,1022,10,6,2,18,5,2.29,0,1,0,0,0
2015-01-15,1466.0,-11,-18,-25,-16,-21,-28,85,76,60,1045,1026,1022,10,9,2,14,6,0.0,0,1,0,0,0
2015-01-16,1372.0,-9,-18,-26,-16,-22,-31,85,70,44,1049,1027,1016,10,7,2,26,5,2.79,0,1,0,0,0
2015-01-17,2944.0,-11,-17,-22,-14,-19,-25,85,72,55,1035,1017,1012,10,9,2,29,11,0.0,0,1,0,0,0
2015-01-18,1476.0,-9,-17,-24,-15,-21,-28,85,77,55,1035,1016,1010,10,9,0,11,6,0.0,0,1,0,0,0
2015-01-19,2050.0,-10,-18,-25,-16,-22,-28,85,73,47,1034,1015,1010,8,4,0,11,3,2.54,0,0,0,0,0
2015-01-21,1856.0,-8,-17,-27,-18,-24,-30,78,66,30,1037,1017,1011,10,6,2,11,3,3.05,0,0,0,0,0
2015-01-24,17670.0,-6,-14,-22,-15,-19,-25,85,67,35,1028,1013,1010,10,8,2,14,5,1.52,0,0,0,0,0
2015-01-25,16362.0,-14,-20,-25,-16,-22,-29,85,70,48,1055,1023,1013,10,9,2,32,11,6.6,0,0,0,0,0
2015-01-28,10828.0,-13,-21,-29,-18,-24,-33,85,68,37,1045,1023,1018,10,6,0,18,5,0.25,0,1,0,0,0
2015-01-31,11294.0,-9,-19,-30,-20,-27,-35,76,61,23,1050,1030,1024,10,5,0,11,3,3.81,0,0,0,0,0
2015-02-01,11584.0,-7,-14,-23,-19,-23,-27,77,57,20,1042,1023,1019,19,10,5,14,5,3.56,0,0,0,0,0
2015-02-03,25094.0,-10,-18,-25,-17,-23,-30,85,70,39,1054,1037,1031,19,10,2,14,5,2.03,0,0,0,0,0
2015-02-04,25746.0,-5,-13,-22,-15,-21,-26,78,63,32,1053,1036,1032,10,8,2,14,5,0.0,0,0,0,0,0
2015-02-05,19088.0,-4,-14,-25,-14,-21,-28,84,69,33,1049,1028,1022,8,5,0,14,5,1.52,0,0,0,0,0
2015-02-06,22640.0,-9,-16,-23,-15,-21,-29,85,65,19,1051,1029,1022,10,8,0,29,8,0.0,0,0,0,0,0
2015-02-07,15654.0,-12,-22,-32,-25,-30,-36,70,51,16,1057,1034,1024,8,6,2,14,5,3.3,0,0,0,0,0
2015-02-08,15986.0,-7,-19,-30,-19,-27,-34,77,55,19,1042,1024,1020,8,6,0,11,2,7.37,0,0,0,0,0
2015-02-09,17972.0,-3,-15,-27,-16,-23,-32,77,59,17,1039,1020,1016,10,6,2,11,5,3.3,0,0,0,0,0
2015-02-10,23176.0,-5,-16,-26,-17,-22,-30,84,61,19,1038,1020,1016,10,5,0,11,3,2.29,0,0,0,0,0
2015-02-11,22834.0,-4,-14,-25,-17,-22,-28,78,60,26,1033,1018,1015,10,6,0,26,5,0.0,0,0,0,0,0
2015-02-12,23164.0,-6,-16,-26,-15,-21,-29,84,67,33,1035,1015,1008,10,4,0,11,5,2.54,0,0,0,0,0
2015-02-13,15562.0,-1,-11,-22,-14,-18,-24,85,59,13,1022,1003,998,10,6,2,11,3,1.02,0,0,0,0,0
2015-02-14,6226.0,2,-6,-13,-10,-14,-19,86,61,24,1032,1007,1002,10,8,0,21,5,4.06,0,1,0,0,0
2015-02-15,26146.0,-6,-13,-20,-11,-14,-23,86,77,58,1031,1014,1010,19,10,2,18,10,5.33,0,1,0,0,0
2015-02-16,24236.0,-3,-13,-24,-13,-19,-27,85,66,28,1036,1020,1015,10,5,0,14,3,2.03,0,0,0,0,0
2015-02-17,31874.0,-2,-13,-24,-14,-20,-28,85,65,19,1042,1025,1021,8,5,0,11,3,0.0,0,0,0,0,0
2015-02-18,18292.0,1,-9,-19,-14,-18,-24,78,45,13,1037,1018,1011,19,9,0,35,10,0.0,0,0,0,0,0
2015-02-19,30082.0,2,-7,-15,-11,-16,-19,73,47,12,1019,1007,1005,19,9,8,29,11,4.32,0,0,0,0,0
2015-02-20,27406.0,-4,-12,-21,-14,-20,-26,78,64,31,1035,1009,1004,10,8,2,32,11,0.0,0,1,0,0,0
2015-02-21,4224.0,-18,-22,-25,-24,-27,-29,77,62,38,1044,1023,1014,10,8,2,43,27,0.0,0,1,0,0,0
2015-02-22,24468.0,-11,-19,-28,-23,-27,-32,71,56,18,1044,1020,1012,10,5,0,11,5,0.0,0,0,0,0,0
2015-02-23,27546.0,-9,-19,-30,-24,-27,-35,76,51,12,1032,1012,1008,8,5,0,21,5,3.81,0,0,0,0,0
2015-02-24,30644.0,-14,-20,-27,-22,-26,-34,77,56,29,1039,1019,1010,10,9,0,35,10,2.29,0,0,0,0,0
2015-02-25,26402.0,-13,-19,-25,-21,-23,-29,84,64,36,1042,1023,1019,10,9,0,26,11,0.0,0,0,0,0,0
2015-02-26,23590.0,-4,-17,-29,-22,-26,-34,77,46,10,1041,1021,1016,8,5,2,26,6,0.0,0,0,0,0,0
2015-02-27,7552.0,-7,-11,-14,-13,-19,-25,79,49,19,1031,1017,1012,19,9,3,32,18,0.0,0,1,0,0,0
2015-02-28,14786.0,-7,-13,-21,-14,-19,-25,85,64,20,1035,1018,1013,19,10,2,21,6,0.0,0,1,0,0,0
2015-03-01,12060.0,-4,-13,-23,-15,-20,-27,84,60,27,1029,1013,1009,19,8,2,18,3,1.52,0,0,0,0,0
2015-03-03,44810.0,-7,-17,-27,-21,-26,-33,70,51,13,1046,1023,1016,10,7,0,21,5,5.08,0,0,0,0,0
2015-03-04,29562.0,-2,-13,-25,-18,-23,-30,77,49,12,1036,1017,1012,10,7,0,14,3,7.62,0,0,0,0,0
2015-03-05,38206.0,-3,-13,-23,-15,-20,-27,78,57,21,1028,1011,1008,10,8,0,26,6,2.03,0,0,0,0,0
2015-03-06,34938.0,-7,-12,-18,-13,-18,-23,85,62,26,1029,1012,1008,10,9,2,26,8,0.0,0,1,0,0,0
2015-03-07,20944.0,-11,-16,-22,-19,-22,-26,84,58,23,1048,1023,1014,10,10,2,29,10,5.84,0,0,0,0,0
2015-03-08,11164.0,-12,-19,-25,-23,-27,-32,70,47,17,1051,1033,1028,19,10,10,35,11,1.02,0,0,0,0,0
2015-03-09,23158.0,-4,-14,-25,-17,-26,-32,71,42,13,1053,1033,1027,3,2,0,14,5,3.56,0,0,0,0,0
2015-03-10,41442.0,-3,-13,-23,-19,-24,-30,70,43,9,1042,1026,1023,8,5,2,21,5,1.27,0,0,0,0,0
2015-03-11,28748.0,2,-9,-21,-18,-23,-28,77,40,8,1039,1020,1015,10,7,2,18,5,0.51,0,0,0,0,0
2015-03-12,40374.0,2,-8,-19,-15,-19,-25,71,42,15,1032,1019,1016,8,7,2,21,8,2.54,0,0,0,0,0
2015-03-13,21454.0,3,-7,-17,-3,-14,-23,93,57,17,1032,1016,1008,10,8,2,29,6,0.0,0,1,0,0,0
2015-03-14,15556.0,-4,-9,-14,-4,-11,-17,93,80,57,1023,1011,1006,10,7,2,32,13,0.25,0,1,0,0,0
2015-03-15,35720.0,-4,-13,-22,-12,-17,-25,85,67,20,1025,1011,1007,10,8,2,21,5,3.81,0,0,0,0,0
2015-03-16,45846.0,-3,-14,-26,-14,-20,-30,85,64,25,1031,1017,1011,10,8,8,14,5,2.03,0,0,0,0,0
2015-03-17,34670.0,-1,-11,-21,-10,-17,-26,85,65,30,1031,1014,1008,10,8,2,14,5,1.78,0,0,0,0,0
2015-03-18,44432.0,-1,-11,-21,-13,-17,-24,85,57,13,1026,1011,1007,10,9,0,26,6,0.51,0,0,0,0,0
2015-03-19,42632.0,-1,-8,-14,-14,-16,-20,72,47,12,1024,1013,1008,10,10,10,26,10,0.76,0,0,0,0,0
2015-03-20,45322.0,1,-8,-16,-14,-18,-23,67,43,7,1025,1013,1010,10,10,10,29,10,0.76,0,0,0,0,0
2015-03-21,45390.0,-3,-10,-18,-12,-17,-23,85,54,12,1040,1024,1014,19,12,10,26,10,0.0,0,1,0,0,0
2015-03-22,43252.0,3,-8,-19,-11,-18,-27,77,48,13,1042,1028,1026,10,10,10,18,5,3.3,0,0,0,0,0
2015-03-23,41182.0,9,-3,-14,-8,-15,-21,85,45,5,1041,1028,1023,10,6,3,14,5,1.27,0,0,0,0,0
2015-03-24,37234.0,13,2,-9,-11,-15,-21,73,36,4,1031,1019,1015,10,9,3,18,5,2.79,0,0,0,0,0
2015-04-27,1196610.0,21,11,1,-2,-6,-12,80,37,6,1019,1011,998,19,10,10,26,10,0.0,0,0,0,0,0
2015-04-28,39050.0,27,18,10,1,-6,-9,42,21,4,1012,1009,1001,10,9,2,29,10,0.0,0,0,0,0,0
2015-04-29,14806.0,13,10,7,2,-5,-13,58,36,9,1021,1016,1011,10,10,2,32,10,0.0,0,0,0,0,0
2015-04-30,5872.0,7,6,3,5,2,-8,95,76,17,1020,1014,1011,19,10,2,40,14,7.87,1,0,0,0,0
2015-05-01,32440.0,13,6,-1,2,-4,-12,93,54,12,1020,1010,1005,19,10,10,40,13,1.78,1,0,0,0,0
2015-05-02,30018.0,8,3,-4,-3,-7,-14,86,55,24,1030,1016,1007,10,9,2,47,26,0.0,1,1,0,0,0
2015-05-03,43246.0,9,3,-3,-6,-10,-13,86,43,13,1032,1021,1015,10,10,10,21,6,0.0,0,0,0,0,0
2015-05-04,35282.0,7,0,-6,1,-6,-11,93,56,29,1021,1011,1007,19,10,10,35,13,0.0,1,1,0,0,0
2015-05-05,34770.0,6,1,-5,-3,-9,-13,86,52,20,1023,1012,1008,19,10,10,29,10,0.0,0,1,0,0,0
2015-05-06,37398.0,5,-1,-6,-6,-14,-23,60,34,6,1022,1010,1007,10,10,5,29,13,0.0,0,0,0,0,0
2015-05-07,31178.0,4,-1,-6,-6,-11,-16,74,47,21,1025,1016,1014,19,10,3,32,8,0.0,1,1,0,0,0
2015-05-08,40076.0,10,2,-6,-8,-12,-15,86,41,9,1027,1016,1013,10,10,2,18,5,0.0,0,0,0,0,0
2015-05-09,27892.0,10,6,1,-1,-8,-14,70,41,14,1024,1015,1013,19,10,4,29,11,0.0,1,1,0,0,0
2015-05-10,36012.0,13,7,0,-2,-7,-14,75,40,9,1027,1020,1017,10,10,10,29,10,0.76,0,0,0,0,0
2015-05-11,43250.0,18,8,-1,-8,-11,-14,64,28,4,1025,1014,1007,10,9,3,21,8,0.0,0,0,0,0,0
2015-05-12,37146.0,22,12,3,4,-5,-14,76,35,7,1010,1000,992,19,9,2,47,11,0.0,1,0,0,0,0
2015-05-13,33176.0,8,5,2,2,-7,-17,82,44,12,1019,1009,1001,10,10,10,43,27,0.0,1,0,0,0,0
2015-05-14,43450.0,11,4,-2,-12,-13,-16,58,26,10,1026,1020,1014,10,10,10,29,11,0.0,0,0,0,0,0
2015-05-15,42152.0,17,8,-1,-8,-12,-13,59,26,5,1028,1017,1010,19,10,10,21,8,0.0,0,0,0,0,0
2015-05-16,30834.0,18,11,5,0,-7,-13,46,26,9,1011,1005,1000,10,10,10,29,8,0.0,1,0,0,0,0
2015-05-17,34330.0,9,4,0,-1,-7,-12,75,41,14,1015,1007,1000,19,10,10,43,16,0.0,0,0,0,0,0
2015-05-18,43234.0,12,6,0,-6,-9,-13,64,33,9,1020,1014,1011,10,10,10,40,16,0.0,0,0,0,0,0
2015-05-19,41842.0,16,8,-1,-9,-13,-17,59,25,5,1026,1020,1017,10,10,10,21,6,0.0,0,0,0,0,0
2015-05-20,40400.0,23,12,2,-4,-10,-15,51,23,4,1027,1019,1011,10,9,2,32,8,0.0,0,0,0,0,0
2015-05-21,34902.0,25,16,7,-3,-6,-9,56,25,4,1021,1014,1006,10,10,10,26,6,0.0,0,0,0,0,0
2015-05-22,37742.0,26,17,8,-2,-4,-6,56,24,5,1015,1011,1003,10,10,3,26,5,0.0,0,0,0,0,0
2015-05-23,38832.0,28,19,9,-1,-4,-10,57,23,4,1011,1005,995,19,10,10,29,8,0.0,0,0,0,0,0
2015-05-24,26640.0,21,16,9,8,3,-3,66,39,12,1008,1006,1000,19,10,10,32,14,0.25,1,0,0,0,0
2015-05-25,21524.0,18,14,11,6,0,-4,66,38,16,1013,1011,1008,19,10,10,26,10,0.0,1,0,0,0,0
2015-05-26,40300.0,20,14,8,8,1,-4,87,45,11,1015,1012,1008,10,10,10,21,10,1.27,1,0,0,0,0
2015-05-27,24946.0,21,16,11,9,5,-3,77,52,29,1015,1005,998,19,10,8,40,11,8.89,1,0,0,1,0
2015-05-28,33442.0,12,7,1,7,-1,-5,76,49,28,1020,1011,1006,10,10,10,40,19,0.0,1,0,0,0,0
2015-05-29,34380.0,20,11,2,-1,-4,-8,86,42,8,1022,1012,1005,19,10,10,35,8,0.51,0,0,0,0,0
2015-05-30,32416.0,23,17,11,-2,-5,-9,43,24,6,1005,998,991,19,10,10,40,14,2.03,0,0,0,0,0
2015-05-31,13860.0,14,10,6,5,3,-2,87,70,40,1010,1002,997,19,10,3,26,14,0.0,1,0,0,1,0
2015-06-01,39094.0,16,11,4,4,-3,-10,81,40,8,1020,1013,1008,10,10,10,35,16,1.27,1,0,0,0,0
2015-06-02,34916.0,19,11,3,-2,-5,-10,75,36,8,1026,1019,1014,10,10,10,18,8,2.54,0,0,0,0,0
2015-06-03,23780.0,21,11,1,2,-1,-5,70,41,15,1020,1011,1003,19,10,10,35,10,0.0,1,0,0,0,0
2015-06-04,18420.0,16,9,3,7,0,-5,82,59,16,1013,1006,999,10,10,10,43,13,4.06,1,0,0,0,0
2015-06-05,28032.0,12,7,1,1,-1,-2,87,57,31,1015,1009,1008,10,10,10,32,18,0.0,0,0,0,0,0
2015-06-06,36210.0,15,9,3,2,-1,-4,81,48,21,1015,1011,1009,10,10,10,35,13,0.0,1,0,0,0,0
2015-06-07,32270.0,18,11,4,0,-3,-6,75,39,13,1015,1009,1005,10,10,10,35,6,0.0,1,0,0,0,0
2015-06-08,32102.0,17,12,8,4,2,-3,71,48,21,1011,1008,1005,10,10,10,26,11,0.0,1,0,0,1,0
2015-06-09,21622.0,16,11,6,4,2,0,81,51,26,1011,1007,1005,19,10,10,29,8,0.0,1,0,0,0,0
2015-06-10,18760.0,19,13,7,8,4,2,76,54,27,1014,1012,1008,10,10,10,32,14,0.51,1,0,0,1,0
2015-06-11,28162.0,18,13,9,8,4,0,87,56,25,1017,1013,1010,10,10,10,50,18,1.27,0,0,0,0,0
2015-06-12,39158.0,23,17,10,7,4,1,82,46,18,1019,1017,1010,10,10,10,29,18,0.0,0,0,0,0,0
2015-06-13,38664.0,28,19,10,5,1,-4,71,32,6,1020,1015,1005,10,10,10,21,6,1.78,0,0,0,0,0
2015-06-14,36104.0,28,20,12,2,0,-3,50,24,7,1013,1010,1000,19,10,10,32,13,0.0,0,0,0,0,0
2015-06-15,27738.0,28,22,16,10,3,-2,68,31,9,1009,1006,998,10,10,10,29,10,0.25,1,0,0,1,0
2015-06-16,38548.0,26,20,14,11,5,-2,88,41,9,1016,1011,1005,10,10,10,35,11,1.02,1,0,0,0,0
2015-06-17,39156.0,28,19,11,6,-1,-8,62,29,6,1020,1017,1009,10,10,10,18,6,0.0,0,0,0,0,0
2015-06-18,39574.0,27,20,13,3,-1,-5,58,25,7,1020,1017,1009,10,10,10,32,8,0.0,0,0,0,0,0
2015-06-19,37744.0,27,19,11,2,-2,-5,43,22,6,1024,1021,1013,10,10,10,18,6,0.0,0,0,0,0,0
2015-06-20,28308.0,28,21,14,4,2,-1,51,29,10,1020,1016,1007,10,10,10,18,5,0.0,0,0,0,0,0
2015-06-21,36894.0,30,22,14,3,-1,-4,54,23,5,1013,1009,998,10,10,10,18,6,0.0,0,0,0,0,0
2015-06-22,23140.0,30,22,14,3,1,-3,54,25,7,1008,1006,998,10,10,10,21,6,0.0,1,0,0,0,0
2015-06-23,19196.0,22,18,15,11,9,3,68,57,29,1012,1010,1006,19,10,10,29,10,0.0,1,0,0,0,0
2015-07-08,523106.0,22,16,10,9,4,-3,88,51,12,1018,1016,1011,10,10,10,18,8,0.0,0,0,0,0,0
2015-07-09,37990.0,28,20,12,3,1,-4,62,28,5,1016,1012,1003,10,10,10,40,13,0.0,0,0,0,0,0
2015-07-10,38812.0,32,24,17,10,3,-4,49,27,4,1012,1008,998,10,10,10,50,31,0.0,1,0,0,0,0
2015-07-11,37438.0,33,26,18,5,2,-3,54,23,5,1010,1007,998,10,10,10,21,6,0.0,0,0,0,0,0
2015-07-12,19138.0,31,22,13,14,4,-1,94,32,7,1007,1003,990,10,9,3,50,16,3.05,1,0,0,1,0
2015-07-13,27034.0,21,17,13,12,8,4,82,56,24,1005,1001,996,10,10,10,35,23,0.0,1,0,0,1,0
2015-07-14,21008.0,23,18,13,11,8,3,82,58,20,1011,1007,1002,10,10,10,32,10,2.03,1,0,0,1,0
2015-07-15,29138.0,26,19,13,13,9,5,89,57,17,1014,1011,1005,10,10,10,35,14,0.51,1,0,0,1,0
2015-07-16,18608.0,22,18,13,14,12,11,96,77,50,1014,1012,1006,10,9,2,21,8,4.06,1,0,0,0,0
2015-07-17,25986.0,22,18,14,15,13,11,88,74,47,1011,1009,1003,19,10,10,18,10,0.0,1,0,0,1,0
2015-07-18,15484.0,23,19,15,16,13,12,94,78,48,1011,1009,1004,10,10,10,21,5,8.89,1,0,0,1,0
2015-07-19,18866.0,23,18,14,15,13,12,94,78,50,1013,1011,1007,19,10,10,26,5,0.76,1,0,0,1,0
2015-07-20,21758.0,24,19,14,15,13,11,94,74,45,1015,1013,1007,10,10,10,29,5,12.95,1,0,0,1,0
2015-07-21,34214.0,26,19,13,14,11,8,94,59,25,1016,1015,1007,10,10,10,26,6,0.0,0,0,0,0,0
2015-07-22,38304.0,27,20,13,12,8,4,88,51,15,1018,1015,1007,10,10,10,26,6,3.3,0,0,0,0,0
2015-07-23,38160.0,30,22,14,12,8,4,82,45,13,1016,1013,1003,10,9,2,29,6,3.05,0,0,0,0,0
2015-07-24,13502.0,23,19,15,17,13,10,88,70,36,1010,1008,1004,19,10,3,21,5,6.1,1,0,0,0,0
2015-07-25,37434.0,23,17,12,13,10,7,94,63,30,1012,1010,1005,10,10,10,26,8,0.0,0,0,0,0,0
2015-07-26,38524.0,27,20,13,11,8,3,94,50,14,1012,1009,1000,19,10,10,29,5,1.78,0,0,0,0,0
2015-07-27,29064.0,25,19,13,14,11,6,100,61,23,1008,1006,999,10,10,6,43,18,0.0,1,0,0,0,0
2015-07-28,10170.0,19,16,13,12,10,7,88,69,49,1010,1007,1004,10,10,3,18,8,3.05,1,0,0,0,0
2015-07-29,30170.0,23,17,12,12,10,9,94,66,34,1014,1012,1008,10,10,10,18,5,0.0,0,0,0,0,0
2015-07-30,28696.0,24,19,13,12,10,9,94,58,28,1015,1013,1006,10,10,10,26,8,0.0,0,0,0,0,0
2015-07-31,32950.0,27,21,15,14,13,9,88,66,36,1012,1009,1003,10,10,3,43,14,23.88,1,0,0,1,0
2015-08-01,11514.0,16,13,11,14,11,9,94,80,63,1012,1009,1007,10,10,3,35,14,3.05,1,0,0,1,0
2015-08-02,36290.0,20,15,10,10,8,6,88,64,32,1013,1010,1005,10,10,10,35,14,0.51,0,0,0,0,0
2015-08-03,38138.0,24,17,8,13,7,5,93,59,20,1010,1006,999,10,10,10,26,6,5.84,0,0,0,0,0
2015-08-04,15990.0,18,16,12,12,10,7,88,73,52,1010,1007,1004,19,10,10,26,10,0.0,1,0,0,1,0
2015-08-05,36428.0,21,16,11,11,9,7,94,66,36,1014,1011,1007,10,10,10,26,11,0.0,0,0,0,0,0
2015-08-06,37010.0,24,17,10,10,7,4,93,59,20,1017,1015,1009,10,10,10,14,3,2.03,0,0,0,0,0
2015-08-07,37560.0,27,19,11,12,8,4,93,54,16,1019,1017,1010,19,10,10,14,3,2.54,0,0,0,0,0
2015-08-08,36142.0,29,21,13,10,6,2,93,48,11,1020,1017,1009,10,10,10,14,3,2.29,0,0,0,0,0
2015-08-09,35930.0,31,22,14,10,7,3,87,47,11,1018,1016,1006,10,9,2,14,3,3.56,0,0,0,0,0
2015-08-10,34498.0,34,24,16,10,6,1,82,37,7,1015,1013,1003,10,10,3,35,8,0.0,1,0,0,1,0
2015-08-11,34894.0,30,23,16,12,9,5,82,43,14,1015,1013,1004,10,10,10,18,10,0.0,1,0,0,1,0
2015-08-12,20996.0,29,22,16,15,11,1,88,55,10,1014,1007,995,10,10,2,40,18,2.03,1,0,0,1,0
2015-08-13,10882.0,17,12,8,14,9,5,88,74,48,1013,1006,997,10,9,2,40,24,0.0,1,0,0,0,0
2015-08-14,38584.0,26,17,8,9,6,2,93,56,15,1015,1011,1004,10,8,2,26,6,0.0,0,0,0,0,0
2015-08-15,37922.0,30,22,14,7,2,-3,63,28,5,1011,1008,999,10,10,10,47,13,0.0,0,0,0,0,0
2015-08-16,24540.0,28,19,9,10,3,-2,88,36,9,1010,1006,996,19,10,8,55,32,0.0,1,0,0,1,0
2015-08-17,26058.0,20,14,9,8,6,1,94,61,18,1012,1009,1006,10,10,10,32,10,0.0,1,0,0,0,0
2015-08-18,27768.0,17,13,11,9,8,6,88,70,47,1019,1014,1012,10,10,10,26,13,1.02,1,0,0,0,0
2015-08-19,20436.0,16,13,10,10,9,7,94,76,59,1023,1020,1018,19,10,2,29,13,0.0,1,0,0,0,0
2015-08-20,39592.0,23,16,8,10,8,4,93,62,23,1025,1020,1014,10,9,2,21,8,0.0,0,0,0,0,0
2015-08-21,39424.0,26,18,9,10,7,4,93,58,21,1020,1016,1008,10,10,10,18,5,0.0,0,0,0,0,0
2015-08-22,37854.0,28,20,11,9,6,0,93,46,9,1015,1013,1003,10,10,10,14,3,1.78,0,0,0,0,0
2015-08-23,35160.0,30,22,13,7,3,-2,71,32,6,1016,1013,1004,10,10,10,18,3,0.0,0,0,0,1,0
2015-08-24,38676.0,29,22,16,7,4,1,63,33,9,1018,1016,1006,10,10,10,43,11,0.0,0,0,0,0,0
2015-08-25,34986.0,28,21,15,8,6,3,63,37,12,1019,1017,1009,10,10,10,21,10,0.0,0,0,0,0,0
2015-08-26,34156.0,29,22,16,11,7,4,63,35,14,1018,1016,1008,10,10,10,26,10,1.52,1,0,0,0,0
2015-08-27,37154.0,29,22,15,9,6,0,87,42,8,1018,1016,1007,10,10,3,18,5,2.03,0,0,0,0,0
2015-08-28,24614.0,24,19,14,12,7,3,76,49,17,1019,1017,1011,10,9,3,40,6,0.0,1,0,0,1,0
2015-08-29,34566.0,25,19,12,11,8,5,93,56,21,1022,1020,1014,10,10,3,14,5,0.0,1,0,0,0,0
2015-08-30,37336.0,26,18,11,8,6,3,93,51,16,1023,1022,1014,10,10,10,11,3,2.03,0,0,0,0,0
2015-08-31,33928.0,27,19,12,12,6,0,81,51,13,1023,1022,1013,10,10,3,29,5,3.05,0,0,0,0,0
2015-09-01,35670.0,20,16,11,12,10,8,88,68,46,1024,1023,1019,19,10,2,26,11,3.3,0,0,0,0,0
2015-09-02,36638.0,27,18,10,12,7,4,93,57,16,1025,1022,1012,10,10,3,18,5,1.02,1,0,0,1,0
2015-09-03,31104.0,26,21,15,11,8,2,72,48,16,1021,1017,1010,10,10,3,43,14,0.0,1,0,0,1,0
2015-11-03,6686.0,5,-1,-7,-3,-6,-11,80,62,26,1032,1011,1001,10,10,3,32,13,0.0,1,1,0,0,0
2015-11-04,12242.0,-6,-10,-14,-11,-14,-17,86,69,35,1047,1030,1021,10,10,3,21,11,0.0,0,1,0,0,0
2015-11-05,19004.0,-3,-10,-18,-14,-18,-23,85,57,17,1050,1034,1030,19,14,10,14,5,2.29,0,0,0,0,0
2015-11-06,13900.0,0,-9,-17,-17,-18,-21,78,46,12,1045,1029,1025,19,10,8,26,8,0.0,0,0,0,0,0
2015-11-07,10738.0,1,-3,-11,-10,-17,-20,85,37,12,1035,1023,1019,10,10,10,21,14,0.0,0,0,0,0,0
2015-11-08,21636.0,2,-7,-14,-8,-12,-17,86,68,29,1031,1020,1017,19,10,8,11,3,2.03,0,0,0,0,0
2015-11-09,12550.0,3,-6,-15,-5,-11,-17,86,68,24,1031,1019,1015,19,10,3,14,3,2.29,0,0,0,0,0
2015-11-10,20156.0,2,-4,-11,-8,-13,-18,93,61,13,1034,1021,1018,19,12,3,14,5,4.83,0,0,0,0,0
2015-11-11,22496.0,3,-6,-13,-9,-13,-17,79,57,19,1030,1019,1016,10,8,2,11,2,4.57,0,0,0,0,0
2015-11-12,10768.0,3,-3,-10,-9,-12,-14,80,59,18,1024,1013,1008,19,11,10,11,3,6.6,0,0,0,0,0
2015-11-13,13014.0,0,-4,-9,-7,-9,-12,93,70,29,1022,1008,1003,10,10,3,29,8,1.78,0,0,0,0,0
2015-11-14,12548.0,-5,-10,-14,-9,-13,-17,93,77,54,1037,1016,1010,10,9,2,26,8,0.0,0,1,0,0,0
2015-11-15,1022.0,-10,-15,-20,-12,-17,-24,92,76,37,1040,1021,1013,10,6,1,18,5,1.02,0,1,0,0,0
2015-11-16,23338.0,-13,-18,-24,-12,-19,-27,92,79,59,1041,1020,1012,10,9,2,18,8,0.0,0,1,0,0,0
2015-11-18,10466.0,-14,-20,-27,-18,-23,-29,85,77,62,1042,1024,1019,10,6,2,11,2,0.25,0,1,0,0,0
2015-11-19,1634.0,-13,-19,-25,-17,-23,-30,85,79,67,1042,1023,1019,10,6,2,14,3,0.51,0,1,0,0,0
2015-11-20,450.0,-18,-24,-32,-24,-28,-36,84,74,55,1047,1027,1022,10,7,2,11,3,0.0,0,1,0,0,0
2015-11-21,14866.0,-18,-24,-31,-24,-29,-35,77,71,43,1053,1030,1025,10,5,2,6,3,0.0,0,1,0,0,0
2015-11-22,2598.0,-16,-22,-29,-20,-27,-36,84,74,58,1054,1033,1028,10,5,2,14,3,0.51,0,1,0,0,0
2015-11-24,9100.0,-18,-24,-31,-24,-29,-34,77,72,51,1053,1032,1026,10,5,2,11,2,0.0,0,1,0,0,0
2015-11-25,10686.0,-21,-27,-34,-26,-33,-41,93,71,48,1055,1030,1021,8,5,1,14,3,9.14,0,1,0,0,0
2015-11-26,10210.0,-14,-21,-29,-19,-25,-33,85,71,46,1044,1019,1013,10,5,2,11,3,0.51,0,0,0,0,0
2015-11-27,7894.0,-10,-18,-25,-13,-20,-28,85,75,59,1035,1018,1014,10,4,0,14,5,0.0,0,1,0,0,0
2015-11-28,5444.0,-8,-12,-16,-11,-14,-18,92,83,70,1035,1019,1013,10,7,2,6,2,0.0,0,1,0,0,0
2015-11-29,7056.0,-11,-18,-25,-13,-19,-27,92,81,54,1035,1019,1012,19,7,0,14,3,0.0,0,1,1,0,0
2016-04-04,2068544.0,10,3,-4,-9,-12,-14,86,39,8,1021,1012,1010,10,10,10,21,5,0.51,0,0,0,0,0
2016-04-05,27782.0,11,3,-4,-9,-12,-16,86,37,6,1022,1010,1006,19,10,2,14,5,0.76,0,0,0,0,0
2016-04-06,27436.0,4,0,-4,-4,-11,-22,74,47,12,1026,1011,1005,19,10,8,40,13,0.0,1,1,0,0,0
2016-04-07,43660.0,7,-2,-12,-13,-18,-23,57,27,6,1029,1016,1011,10,10,10,35,13,0.0,0,0,0,0,0
2016-04-08,39270.0,9,3,-3,-13,-14,-19,50,25,8,1020,1012,1010,10,10,3,29,10,0.0,0,0,0,0,0
2016-04-09,34840.0,11,4,-2,-6,-9,-13,68,39,13,1021,1013,1010,10,10,10,26,8,1.27,0,0,0,0,0
2016-04-10,20734.0,7,3,0,-6,-10,-16,64,37,13,1019,1012,1009,10,10,2,55,14,0.76,0,0,0,0,0
2016-04-11,30514.0,8,3,-2,-3,-9,-13,70,40,15,1015,1009,1006,10,10,10,26,8,2.54,0,0,0,0,0
2016-04-12,27164.0,9,3,-2,-1,-9,-14,87,46,10,1012,1002,997,19,10,2,40,10,1.27,1,1,0,0,0
2016-04-13,30756.0,8,3,-2,-3,-8,-14,80,47,11,1016,1008,1004,19,10,10,21,10,0.0,0,1,0,0,0
2016-04-14,27776.0,14,7,1,-4,-9,-12,59,30,10,1010,1002,995,10,10,10,35,5,2.29,0,0,0,0,0
2016-04-15,4774.0,0,-2,-4,-2,-4,-6,93,78,45,1028,1011,997,10,8,0,32,21,1.02,1,1,0,0,0
2016-04-16,41936.0,2,-1,-5,-5,-7,-11,86,64,31,1029,1021,1018,10,10,10,32,16,0.0,0,1,0,0,0
2016-04-17,37558.0,3,-2,-8,-6,-11,-17,86,54,12,1029,1015,1011,10,10,10,21,8,2.29,0,0,0,0,0
2016-04-18,39450.0,10,2,-5,-3,-8,-12,86,47,13,1019,1009,1005,10,10,2,18,5,0.25,0,0,0,0,0
2016-04-19,39728.0,12,6,1,-2,-4,-6,80,45,19,1020,1015,1009,10,10,2,35,11,1.02,0,0,0,0,0
2016-04-20,42284.0,18,9,0,-2,-6,-12,86,41,7,1021,1009,998,10,10,8,50,14,0.76,0,0,0,0,0
2016-04-21,40684.0,4,0,-4,-14,-17,-20,40,26,9,1024,1015,1011,10,10,10,55,31,0.0,0,0,0,0,0
2016-04-23,29950.0,16,7,-3,-1,-11,-17,75,37,5,1023,1010,1001,10,10,10,43,10,2.79,0,0,0,0,0
2016-04-27,3632.0,17,11,5,-3,-5,-7,65,33,10,1018,1014,1010,19,10,10,40,13,0.0,0,0,0,0,0
2016-04-28,16150.0,15,8,2,-3,-6,-8,56,30,12,1016,1012,1007,10,10,10,32,14,0.0,0,0,0,0,0
2016-04-29,23170.0,19,10,1,0,-6,-13,80,39,4,1016,1006,998,19,10,3,21,5,1.02,0,0,0,0,0
2016-04-30,19462.0,13,8,4,3,-2,-7,87,52,14,1003,997,995,10,10,10,32,13,0.0,1,0,0,0,0
2016-05-01,21436.0,8,4,0,1,-3,-6,100,65,24,1021,1009,998,10,9,2,35,23,1.52,1,1,0,0,0
2016-05-02,27962.0,12,5,-2,0,-3,-8,93,57,16,1023,1015,1011,10,10,10,18,8,1.27,0,0,0,0,0
2016-05-03,26330.0,16,9,1,-2,-6,-12,87,42,6,1015,1005,999,10,10,10,18,5,3.3,0,0,0,0,0
2016-05-04,15832.0,9,2,-5,-2,-4,-8,93,64,28,1020,1005,1000,19,9,0,43,13,2.03,1,1,0,0,0
2016-05-05,12442.0,3,-2,-6,-6,-7,-8,86,68,34,1027,1017,1011,10,9,3,40,29,0.0,0,1,0,0,0
2016-05-06,27918.0,16,4,-7,-4,-9,-15,86,45,5,1029,1016,1008,19,11,10,29,6,0.0,0,0,0,0,0
2016-05-07,17182.0,12,7,2,2,-4,-15,75,39,9,1017,1009,1003,10,10,10,50,16,0.0,1,0,0,0,0
2016-05-08,26374.0,16,8,0,0,-4,-10,93,46,9,1022,1016,1012,19,10,10,18,5,3.05,0,0,0,0,0
2016-05-09,27192.0,21,12,2,0,-4,-8,93,39,6,1020,1008,996,10,10,10,43,14,0.76,0,0,0,0,0
2016-05-10,8482.0,11,6,1,3,-2,-7,76,48,16,1009,1003,998,10,9,2,32,13,0.76,1,0,0,0,0
2016-05-11,3068.0,4,-2,-8,0,-4,-12,100,69,29,1022,1010,1005,10,6,0,21,6,8.89,1,1,0,0,0
2016-05-12,16844.0,13,2,-8,-1,-7,-14,93,56,11,1025,1012,1004,10,10,10,29,10,0.0,0,0,0,0,0
2016-05-13,21000.0,14,8,1,-1,-4,-11,80,48,9,1020,1007,1002,10,10,8,47,14,1.27,0,0,0,0,0
2016-05-14,25182.0,10,4,-1,-4,-8,-12,80,44,12,1027,1020,1016,10,10,10,29,14,2.29,0,0,0,0,0
2016-05-15,27228.0,21,10,-1,-2,-7,-13,86,36,4,1025,1014,1006,10,10,10,26,8,0.0,0,0,0,0,0
2016-05-16,23846.0,23,13,4,-3,-7,-12,80,28,4,1012,1004,994,10,10,10,26,6,0.0,0,0,0,0,0
2016-05-17,24012.0,23,16,8,1,-2,-6,61,30,7,1004,1002,996,10,10,10,26,8,0.0,0,0,0,0,0
2016-05-18,20532.0,28,20,12,4,-1,-6,54,24,7,1004,1000,992,10,10,10,43,19,0.0,0,0,0,0,0
2016-05-19,7068.0,12,7,2,3,0,-3,75,64,43,1024,1009,1002,10,10,10,35,14,0.0,0,0,0,0,0
2016-05-20,24694.0,14,7,-1,0,-6,-11,86,44,14,1029,1023,1019,10,10,10,21,13,1.27,0,0,0,0,0
2016-05-21,26278.0,17,11,4,-8,-12,-15,44,20,4,1034,1030,1026,10,10,10,26,13,0.0,0,0,0,0,0
2016-05-22,12222.0,15,10,5,-1,-6,-12,53,29,8,1029,1023,1013,10,10,10,18,6,0.0,1,0,0,0,0
2016-05-23,16192.0,18,11,5,-2,-6,-10,70,32,7,1022,1014,1008,10,10,10,29,8,1.02,0,0,0,0,0
2016-05-24,19362.0,18,11,3,2,-4,-8,74,39,9,1013,1006,999,10,10,10,40,11,0.0,1,0,0,0,0
2016-05-25,17308.0,9,4,0,0,-5,-10,81,47,20,1018,1012,1008,10,10,10,40,18,0.0,1,0,0,0,0
2016-05-26,26748.0,21,10,-1,-4,-7,-9,74,32,6,1017,1007,998,10,10,10,32,11,0.0,0,0,0,0,0
2016-06-02,165498.0,29,21,12,-3,-10,-14,37,13,4,1014,1008,997,10,10,10,21,8,0.0,0,0,0,0,0
2016-06-03,15040.0,26,21,17,9,1,-9,55,28,6,1009,1005,998,10,10,10,32,10,0.0,0,0,0,0,0
2016-06-04,17848.0,17,13,10,11,7,3,88,65,45,1017,1014,1008,19,10,10,32,14,0.76,1,0,0,0,0
2016-06-05,13946.0,19,13,7,3,1,-4,81,46,19,1020,1017,1013,10,10,10,18,6,0.0,1,0,0,0,0
2016-06-06,25910.0,22,16,8,5,-4,-10,65,28,5,1021,1018,1011,10,10,10,26,8,0.76,0,0,0,0,0
2016-06-07,17114.0,24,16,8,2,-2,-7,56,28,9,1018,1014,1006,10,10,10,29,6,0.0,0,0,0,0,0
2016-06-08,13424.0,21,16,11,10,3,-1,94,48,18,1013,1009,1001,19,10,8,32,10,0.25,1,0,0,0,0
2016-06-09,6934.0,11,9,7,9,6,4,88,79,54,1014,1008,1005,10,9,3,35,16,0.51,1,0,0,0,0
2016-06-10,16394.0,18,13,8,7,6,3,82,64,29,1018,1016,1012,10,10,3,29,10,0.0,1,0,0,0,0
2016-06-11,21228.0,20,13,7,8,4,1,93,56,26,1019,1015,1010,10,10,3,32,5,5.08,1,0,0,0,0
2016-06-12,16496.0,19,13,7,6,4,2,87,53,21,1015,1011,1006,10,10,3,21,5,0.0,1,0,0,1,0
2016-06-13,13470.0,15,13,12,9,6,4,82,58,47,1012,1009,1007,19,10,10,40,13,0.0,1,0,0,0,0
2016-06-14,22958.0,21,14,9,8,6,5,87,56,27,1016,1015,1010,19,10,3,26,10,0.0,1,0,0,1,0
2016-06-15,24430.0,24,17,8,7,3,-2,93,45,9,1016,1010,999,10,9,3,21,8,1.27,0,0,0,0,0
2016-06-16,19246.0,21,16,12,11,6,-1,94,54,15,1006,1003,999,19,9,2,35,14,0.0,1,0,0,0,0
2016-06-17,26350.0,22,14,7,6,3,-1,87,49,16,1011,1009,1003,10,9,3,26,10,3.3,0,0,0,0,0
2016-06-18,22244.0,26,18,10,6,4,1,87,41,11,1012,1009,1000,10,9,2,14,5,0.0,0,0,0,0,0
2016-06-19,10290.0,24,18,11,14,9,0,88,56,15,1010,1005,999,10,10,3,35,16,0.25,1,0,0,0,0
2016-06-20,25486.0,22,16,8,11,5,2,88,53,20,1010,1007,999,10,10,3,40,10,2.03,1,0,0,0,0
2016-06-21,5498.0,13,10,8,12,9,5,94,83,63,1009,1004,1002,10,9,2,29,11,14.99,1,0,0,0,0
2016-06-22,11708.0,15,11,7,9,7,5,88,75,55,1019,1012,1009,10,10,3,29,8,2.03,1,0,0,1,0
2016-06-23,19374.0,20,13,7,7,4,1,93,58,21,1022,1019,1014,10,10,10,21,6,0.0,0,0,0,0,0
2016-06-24,24644.0,22,14,7,8,4,-1,93,51,13,1023,1019,1011,10,9,3,11,5,1.78,0,0,0,0,0
2016-06-25,23102.0,26,18,10,11,5,1,87,45,12,1018,1013,1003,10,10,10,21,6,0.25,0,0,0,0,0
2016-06-26,13874.0,22,18,14,10,7,4,72,48,22,1009,1005,998,10,10,10,26,8,0.0,1,0,0,0,0
2016-06-27,25864.0,21,16,12,10,9,8,82,60,37,1009,1006,1001,10,9,3,35,14,0.0,1,0,0,0,0
2016-06-28,8484.0,19,16,12,11,9,9,82,67,39,1011,1009,1005,10,9,3,26,13,2.03,1,0,0,1,0
2016-06-30,37436.0,22,16,9,8,5,0,93,53,17,1018,1015,1010,10,10,10,32,6,0.0,0,0,0,0,0
2016-07-01,22002.0,27,18,9,7,4,1,87,45,11,1014,1009,998,10,10,10,21,6,2.29,0,0,0,0,0
2016-07-02,22536.0,28,18,8,9,6,4,82,44,16,1005,1003,993,10,10,10,21,6,1.78,0,0,0,0,0
2016-07-03,23146.0,32,23,14,10,6,1,88,37,7,1005,1002,991,10,10,10,26,6,0.0,0,0,0,0,0
2016-07-04,16966.0,30,24,18,11,7,4,59,30,13,1010,1004,996,10,10,10,32,11,0.0,0,0,0,0,0
2016-07-05,12984.0,31,24,17,15,11,4,83,48,16,1015,1011,1001,19,10,10,21,10,0.25,1,0,0,0,0
2016-07-06,17398.0,32,26,19,13,8,1,72,36,8,1012,1010,999,19,10,10,40,13,0.51,0,0,0,0,0
2016-07-07,9684.0,27,22,18,17,14,12,88,63,35,1013,1011,1003,10,9,3,14,6,0.25,1,0,0,0,0
2016-07-08,20808.0,34,26,17,15,8,-1,94,43,6,1012,1008,996,10,9,3,21,6,0.0,0,0,0,0,0
2016-07-09,8446.0,31,26,19,18,12,2,83,52,14,1008,1005,997,10,9,3,29,8,8.89,1,0,0,1,0
2016-07-10,9002.0,21,18,14,17,14,10,98,80,68,1009,1003,996,10,9,2,29,10,5.08,1,0,0,1,0
2016-07-11,21702.0,23,17,11,12,11,9,94,68,37,1012,1010,1004,10,10,10,26,10,0.25,0,0,0,0,0
2016-07-12,23678.0,23,17,11,12,10,7,94,64,34,1015,1013,1006,10,9,3,21,10,0.0,0,0,0,0,0
2016-07-13,13984.0,24,19,14,11,8,2,94,52,15,1014,1011,1005,19,10,10,32,8,2.29,0,0,0,0,0
2016-07-14,8256.0,21,17,13,13,11,7,88,65,29,1012,1010,1005,10,10,10,26,10,1.02,1,0,0,0,0
2016-07-15,25324.0,23,17,11,12,8,2,94,58,16,1012,1010,1002,10,10,3,29,11,0.76,0,0,0,0,0
2016-07-16,24722.0,27,19,11,11,8,4,87,54,18,1012,1010,1001,10,10,10,14,5,2.54,0,0,0,0,0
2016-07-17,16980.0,28,21,15,13,9,6,68,40,19,1008,1003,993,10,10,10,35,14,0.51,0,0,0,0,0
2016-07-18,24972.0,26,19,13,10,9,7,88,51,21,1007,1005,999,10,10,10,18,6,0.51,0,0,0,0,0
2016-07-19,24196.0,28,21,14,12,9,6,82,48,15,1009,1007,999,10,10,10,18,6,3.3,1,0,0,1,0
2016-07-20,15770.0,29,23,17,15,12,7,68,48,16,1011,1008,1000,10,10,10,21,10,0.0,1,0,0,0,0
2016-07-21,8014.0,27,22,17,16,14,9,88,66,23,1011,1008,1000,10,10,10,43,10,7.11,1,0,0,0,0
2016-07-22,5804.0,19,17,14,15,13,12,94,81,60,1007,1004,1000,10,9,1,21,10,22.1,1,0,0,0,0
2016-07-23,16876.0,20,16,10,12,10,6,88,68,33,1015,1010,1004,10,8,0,32,18,1.52,1,0,0,0,0
2016-07-26,73606.0,28,21,15,14,9,3,88,53,17,1010,1008,999,10,9,2,26,6,4.32,1,0,0,0,0
2016-07-27,21822.0,27,20,12,11,5,-2,77,41,12,1010,1008,1000,10,7,2,29,8,0.0,0,0,0,0,0
2016-07-28,19066.0,29,22,15,13,10,7,82,53,17,1009,1007,997,10,8,2,35,6,0.76,1,0,0,1,0
2016-07-29,23094.0,26,20,14,14,12,8,94,59,24,1013,1010,1003,19,10,3,21,8,0.0,0,0,0,0,0
2016-07-30,22348.0,29,21,14,13,11,6,94,55,16,1015,1013,1003,10,9,3,11,5,0.51,0,0,0,0,0
2016-07-31,21074.0,32,24,17,13,11,8,77,43,15,1015,1013,1002,10,9,3,29,8,0.51,0,0,0,0,0
2016-08-01,22100.0,33,26,19,16,12,9,68,42,16,1018,1015,1004,10,10,3,21,10,2.79,0,0,0,0,0
2016-08-02,21194.0,36,28,21,16,11,6,88,41,9,1018,1014,1001,19,10,10,29,8,0.51,0,0,0,0,0
2016-08-03,23906.0,37,28,20,15,7,2,68,25,6,1015,1012,999,19,11,10,26,14,2.29,0,0,0,0,0
2016-08-04,21910.0,31,23,16,14,13,11,94,63,21,1017,1013,1002,10,9,3,35,8,0.0,0,0,0,0,0
2016-08-05,20148.0,22,18,14,14,13,11,94,74,50,1021,1017,1012,10,10,3,32,18,5.84,1,0,0,0,0
2016-08-06,26180.0,26,19,12,11,9,6,88,55,21,1023,1020,1011,10,10,10,26,11,0.0,0,0,0,0,0
2016-08-07,16004.0,30,23,16,10,6,1,82,38,10,1019,1014,1001,10,10,10,29,10,0.0,1,0,0,0,0
2016-08-08,12588.0,27,23,20,15,11,4,68,45,15,1010,1007,1001,10,10,10,29,13,0.0,1,0,0,0,0
2016-08-09,2130.0,17,16,16,16,14,13,94,83,61,1010,1007,1003,19,10,2,26,8,4.06,1,0,0,0,0
2016-08-10,11900.0,23,18,13,17,14,9,98,76,33,1008,1002,995,10,10,3,32,10,2.03,1,0,0,0,0
2016-08-11,14414.0,18,14,10,10,7,5,88,65,31,1015,1012,1008,10,10,3,29,11,0.0,1,0,0,0,0
2016-08-12,26412.0,20,13,7,8,5,2,93,59,21,1018,1015,1010,10,10,10,32,11,2.54,0,0,0,0,0
2016-08-13,24598.0,22,16,9,10,7,5,87,58,26,1019,1016,1009,10,10,10,26,10,4.06,1,0,0,1,0
2016-08-14,17870.0,23,17,11,12,10,8,88,61,32,1017,1015,1008,10,10,10,21,11,0.51,1,0,0,0,0
2016-08-15,23884.0,23,17,10,9,7,3,93,55,20,1018,1015,1009,10,10,10,21,6,3.3,0,0,0,0,0
2016-08-16,11926.0,22,18,13,13,9,6,88,64,31,1014,1011,1003,10,10,3,32,6,2.03,1,0,0,1,0
2016-08-17,21866.0,22,17,13,13,9,4,94,61,22,1012,1010,1004,10,10,3,21,6,0.76,0,0,0,0,0
2016-08-18,23262.0,23,17,12,10,7,3,94,55,17,1015,1013,1007,10,10,10,18,6,2.03,0,0,0,0,0
2016-08-19,13364.0,21,14,9,10,8,6,87,60,38,1017,1015,1011,10,10,10,29,6,1.02,1,0,0,0,0
2016-08-20,24232.0,22,15,8,8,6,3,93,55,21,1020,1017,1011,10,10,10,18,5,0.76,0,0,0,0,0
2016-08-21,16968.0,27,17,8,13,8,4,87,55,15,1019,1016,1007,19,10,10,29,10,0.0,1,0,0,0,0
2016-08-22,10780.0,22,18,14,13,11,9,94,65,33,1017,1013,1007,10,10,10,21,8,6.1,1,0,0,0,0
2016-08-23,24552.0,22,16,10,13,11,8,100,72,46,1015,1012,1007,10,10,3,35,11,0.0,0,0,0,1,0
2016-08-24,13532.0,11,8,3,8,4,1,87,70,54,1030,1022,1016,19,10,3,32,19,0.0,1,0,0,0,0
2016-08-25,25002.0,17,9,2,3,0,-3,93,58,16,1034,1027,1021,10,10,10,18,6,2.29,0,0,0,0,0
2016-08-26,25280.0,20,12,4,2,0,-2,93,49,14,1027,1023,1016,10,10,3,21,6,1.52,0,0,0,0,0
2016-08-27,26340.0,23,14,6,3,1,-1,93,46,13,1026,1022,1014,10,9,3,18,6,2.29,0,0,0,0,0
2016-08-28,21752.0,26,17,8,3,-1,-4,87,35,7,1022,1017,1007,10,10,10,26,8,0.25,0,0,0,0,0
2016-08-29,1274.0,17,14,12,10,6,-4,88,63,14,1016,1015,1012,10,9,2,47,16,9.91,1,0,0,1,0
2016-08-30,19940.0,21,14,9,11,8,6,94,74,36,1016,1015,1009,10,10,2,32,5,2.03,1,0,0,1,0
2016-08-31,25942.0,23,16,8,10,7,5,93,63,21,1017,1014,1007,10,10,3,18,6,2.03,0,0,0,0,0
2016-09-01,24420.0,23,14,6,10,7,2,93,60,20,1014,1011,1003,10,9,3,21,6,2.03,0,0,0,0,0
2016-09-02,19130.0,21,14,8,8,6,4,93,59,25,1012,1010,1004,10,10,10,21,6,0.0,0,0,0,0,0
2016-09-03,17646.0,15,12,8,8,7,6,82,72,47,1019,1014,1011,10,10,3,29,13,0.25,1,0,0,0,0
2016-09-04,7330.0,14,10,7,6,6,5,93,74,51,1020,1018,1016,19,10,3,26,16,3.05,0,0,0,0,0
2016-09-05,5928.0,16,11,5,5,4,1,93,67,35,1022,1019,1014,10,10,3,26,8,0.0,0,0,0,0,0
2016-09-09,4730.0,19,13,7,8,7,5,93,64,35,1020,1018,1014,10,10,3,21,6,0.0,1,0,0,0,0
2016-09-10,14920.0,21,13,6,9,5,2,93,66,26,1022,1019,1013,10,10,3,18,6,1.78,0,0,0,0,0
2016-09-11,22476.0,22,14,7,6,3,0,93,58,15,1022,1019,1012,10,10,10,18,3,0.0,0,0,0,0,0
2016-09-12,17464.0,21,14,8,9,6,3,81,57,24,1020,1018,1013,10,10,10,21,6,0.51,1,0,0,0,0
2016-09-13,23392.0,21,13,6,8,4,-2,93,59,16,1022,1019,1013,10,10,3,26,8,0.0,0,0,0,0,0
2016-09-14,22766.0,21,14,7,7,4,0,87,51,24,1023,1021,1014,19,10,3,18,6,1.52,0,0,0,0,0
2016-09-15,13266.0,17,10,3,3,0,-3,81,51,18,1023,1020,1016,10,10,10,26,8,0.25,1,0,0,0,0
2016-09-16,18788.0,17,10,3,4,1,-3,87,61,26,1027,1023,1020,10,10,10,29,6,4.83,0,0,0,0,0
2016-09-17,6480.0,13,9,5,7,4,2,87,73,51,1029,1026,1024,10,9,3,14,3,1.02,1,0,0,0,0
2016-09-18,6768.0,14,9,4,6,3,1,93,67,36,1032,1029,1026,10,10,10,26,8,1.27,0,0,0,0,0
2016-09-19,20296.0,20,14,8,5,3,0,71,48,22,1027,1022,1015,10,10,3,32,16,0.0,1,0,0,0,0
2016-09-20,23882.0,21,13,6,8,4,1,93,62,19,1021,1017,1011,19,10,10,32,5,0.76,1,0,0,1,0
2016-09-21,21864.0,20,12,5,7,4,0,93,63,23,1019,1016,1011,10,10,3,32,6,1.02,0,0,0,0,0
2016-09-22,24192.0,20,12,5,6,1,-4,93,57,12,1021,1015,1009,10,9,3,14,5,4.06,0,0,0,0,0
2016-09-23,7358.0,14,11,8,9,7,0,93,76,45,1013,1008,1005,10,10,3,21,8,4.06,1,0,0,1,0
2016-09-24,23576.0,14,10,6,6,2,-1,82,63,25,1018,1015,1010,10,9,2,29,14,2.03,0,0,0,0,0
2016-09-25,8374.0,8,7,5,6,3,-2,95,76,50,1022,1016,1013,10,9,2,32,10,0.51,1,0,0,0,0
2016-09-26,9512.0,6,2,-3,-1,-4,-7,87,62,28,1035,1024,1019,10,8,2,26,13,0.0,1,1,0,0,0
2016-09-27,30472.0,9,2,-5,-2,-5,-10,93,63,16,1038,1030,1027,8,5,2,18,6,0.0,0,1,0,0,0
2016-09-28,8244.0,8,4,-1,2,-2,-5,86,65,29,1032,1022,1016,10,10,3,32,11,1.52,0,0,0,0,0
2016-09-29,18804.0,13,7,0,4,-1,-4,93,64,19,1020,1014,1012,10,9,2,26,6,1.02,0,0,0,0,0
2016-09-30,20138.0,15,7,-1,1,-2,-4,93,56,17,1019,1008,1004,10,10,3,29,5,0.0,0,0,0,0,0
2016-10-01,24756.0,10,6,2,1,-2,-6,81,58,23,1019,1014,1008,10,10,2,21,11,3.05,0,0,0,0,0
2016-10-02,13268.0,10,3,-3,1,-1,-4,93,65,40,1019,1011,1007,10,10,10,26,13,0.0,0,0,0,0,0
2016-10-03,17758.0,9,3,-3,-1,-3,-6,93,75,33,1026,1018,1015,19,10,2,21,5,2.03,0,0,0,0,0
2016-10-04,11706.0,7,2,-2,0,-3,-5,93,70,40,1027,1019,1017,10,9,2,11,5,2.03,1,0,0,0,0
2016-10-05,3566.0,3,1,-2,1,-2,-6,100,85,62,1032,1021,1017,10,8,2,26,5,4.57,1,1,0,0,0
2016-10-06,9346.0,3,-1,-4,-3,-7,-10,86,63,32,1034,1025,1022,10,9,2,11,6,1.78,0,0,0,0,0
2016-10-07,19088.0,3,-1,-4,-4,-7,-14,86,62,15,1031,1022,1020,19,9,2,26,8,0.0,1,1,0,0,0
2016-10-08,26442.0,1,-3,-8,-6,-9,-14,86,65,20,1035,1023,1018,10,9,2,14,10,1.78,0,0,0,0,0
2016-10-09,19884.0,4,-2,-7,-7,-11,-16,86,53,12,1028,1018,1015,10,9,3,11,5,0.0,0,0,0,0,0
2016-10-10,21262.0,1,-4,-9,-7,-11,-14,86,53,24,1032,1020,1015,10,10,3,29,13,1.52,0,0,0,0,0
2016-10-11,25568.0,7,-1,-9,-5,-9,-13,86,61,23,1033,1021,1013,10,6,3,18,5,1.78,0,0,0,0,0
2016-10-12,24138.0,10,2,-6,-4,-7,-10,93,58,14,1027,1018,1015,10,9,3,14,5,0.0,0,0,0,0,0
2016-10-13,23796.0,14,4,-6,-3,-6,-9,93,58,14,1022,1015,1011,19,10,3,18,5,0.0,0,0,0,0,0
2016-10-14,22502.0,18,7,-4,-3,-6,-9,93,47,7,1021,1013,1006,10,9,3,29,8,0.0,0,0,0,0,0
2016-10-15,21994.0,8,2,-3,-3,-4,-7,93,58,31,1026,1014,1010,10,9,3,32,14,3.05,0,1,0,0,0
2016-10-16,16368.0,1,-3,-7,-4,-7,-9,93,75,48,1030,1021,1018,10,10,5,26,13,2.79,0,1,0,0,0
2016-10-17,18418.0,8,2,-4,-5,-6,-8,86,59,26,1026,1014,1010,10,10,10,21,8,0.51,0,0,0,0,0
2016-10-18,4336.0,7,1,-5,-3,-5,-7,93,65,30,1024,1013,1006,10,10,8,64,18,0.0,1,1,0,0,0
2016-10-21,31362.0,3,-3,-8,-6,-9,-12,93,69,20,1034,1025,1021,10,9,2,18,6,1.52,0,0,0,0,0
2016-10-22,18524.0,8,1,-6,-4,-7,-10,86,64,32,1033,1022,1018,10,10,3,18,6,0.0,0,0,0,0,0
2016-10-23,16826.0,8,0,-8,-5,-7,-10,93,62,18,1026,1017,1013,10,9,3,21,5,1.78,0,0,0,0,0
2016-10-24,9500.0,-2,-4,-7,-6,-8,-11,93,75,43,1025,1014,1009,10,9,4,26,11,0.0,0,1,0,0,0
2016-10-25,15776.0,-5,-8,-11,-7,-14,-19,86,62,19,1030,1015,1009,10,9,2,26,13,0.0,0,1,0,0,0
2016-10-26,24410.0,-2,-9,-16,-12,-16,-20,85,56,15,1031,1019,1014,10,10,10,18,6,0.76,0,0,0,0,0
2016-10-27,19644.0,-4,-8,-12,-15,-18,-23,79,47,10,1040,1026,1020,10,10,2,32,10,0.51,0,0,0,0,0
2016-10-28,24994.0,-6,-12,-17,-19,-21,-22,72,48,14,1043,1028,1025,19,11,10,21,10,6.1,0,0,0,0,0
2016-10-29,23114.0,-8,-13,-19,-18,-21,-23,78,57,23,1043,1025,1021,10,9,3,29,8,0.0,0,0,0,0,0
2016-10-30,25508.0,-9,-16,-23,-21,-23,-28,78,56,18,1049,1033,1026,10,9,2,29,8,2.03,0,0,0,0,0
2016-10-31,23458.0,-6,-15,-24,-19,-22,-28,84,55,15,1049,1030,1024,10,8,2,18,5,0.51,0,0,0,0,0
2016-11-01,13356.0,-5,-13,-21,-20,-22,-26,77,51,13,1041,1025,1021,10,8,2,14,3,0.0,0,0,0,0,0
2016-11-02,17376.0,2,-8,-19,-12,-17,-22,78,46,16,1035,1018,1010,19,8,0,14,3,0.0,0,0,0,0,0
2016-11-03,4760.0,8,1,-6,-7,-9,-13,86,54,26,1020,1009,1005,19,8,3,14,6,1.52,0,0,0,0,0
2016-12-09,419660.0,-16,-23,-31,-22,-29,-35,85,72,44,1044,1024,1018,5,4,2,6,3,3.81,0,0,0,0,0
2016-12-10,12590.0,-9,-18,-28,-16,-24,-33,79,68,36,1042,1017,1009,10,8,2,11,3,0.76,0,0,0,0,0
2016-12-11,12858.0,-10,-17,-23,-16,-21,-25,85,75,54,1040,1018,1009,10,6,2,11,5,3.05,0,0,0,0,0
2016-12-12,8432.0,-15,-22,-30,-17,-24,-33,85,79,64,1046,1030,1023,8,5,2,21,2,0.0,0,1,0,0,0
2016-12-13,14188.0,-15,-21,-28,-20,-27,-34,84,72,47,1046,1028,1025,19,5,2,11,3,0.0,0,0,0,0,0
2016-12-14,12264.0,-11,-20,-29,-16,-25,-32,85,74,53,1051,1033,1026,6,4,0,18,5,2.29,0,0,0,0,0
2016-12-15,13344.0,-12,-21,-29,-18,-26,-33,85,75,48,1051,1028,1017,6,4,2,6,2,0.0,0,0,0,0,0
2016-12-16,12600.0,-11,-19,-27,-18,-24,-30,84,72,49,1035,1019,1015,6,4,2,6,2,2.29,0,0,0,0,0
2016-12-17,12172.0,-11,-18,-25,-18,-24,-29,85,74,47,1035,1019,1016,10,5,2,11,3,1.27,0,0,0,0,0
2016-12-18,12878.0,-9,-17,-26,-16,-22,-29,85,75,48,1034,1019,1015,10,6,4,11,3,3.81,0,0,0,0,0
2016-12-19,6100.0,-4,-13,-23,-12,-20,-28,85,74,39,1035,1019,1012,10,5,2,11,5,3.81,0,0,0,0,0
2016-12-20,476.0,-6,-9,-14,-8,-12,-19,93,82,65,1039,1024,1020,10,5,1,11,3,1.02,0,1,0,0,0
2016-12-21,1016.0,-12,-19,-27,-14,-20,-30,85,79,64,1044,1029,1025,10,8,2,11,5,0.0,0,1,0,0,0
2016-12-22,2816.0,-12,-18,-24,-14,-22,-32,85,76,54,1043,1022,1018,19,8,4,14,3,0.0,0,1,0,0,0
2016-12-23,7282.0,-12,-19,-27,-19,-24,-30,85,74,52,1036,1021,1017,10,7,2,6,3,1.02,0,0,0,0,0
2016-12-24,8212.0,-11,-16,-21,-17,-22,-31,85,74,48,1034,1016,1011,10,6,2,14,3,2.79,0,0,0,0,0
2016-12-25,9598.0,-14,-20,-26,-17,-24,-30,85,76,58,1049,1028,1019,10,9,2,14,5,1.27,0,1,0,0,0
2016-12-26,9560.0,-19,-26,-33,-24,-31,-37,77,72,53,1051,1030,1022,6,4,0,6,3,6.1,0,0,0,0,0
2016-12-27,7810.0,-16,-22,-28,-19,-26,-33,85,73,54,1045,1023,1015,10,6,0,21,5,0.25,0,1,0,0,0
2016-12-28,9316.0,-17,-23,-30,-21,-28,-34,85,74,55,1048,1028,1022,10,5,2,11,5,5.84,0,1,0,0,0
2016-12-29,13334.0,-19,-26,-33,-24,-32,-37,77,70,44,1046,1025,1020,19,5,2,11,3,6.86,0,0,0,0,0
2016-12-30,14256.0,-16,-25,-34,-23,-29,-38,77,67,34,1043,1020,1014,10,5,0,11,3,8.64,0,0,0,0,0
2016-12-31,4554.0,-15,-21,-27,-20,-24,-32,78,72,53,1036,1016,1012,5,4,0,11,3,5.33,0,0,0,0,0
2017-01-01,13590.0,-14,-21,-28,-18,-23,-32,85,77,65,1037,1020,1013,10,8,5,11,5,2.03,0,1,0,0,0
2017-01-02,9504.0,-15,-23,-31,-21,-28,-35,85,74,50,1037,1015,1009,19,5,2,11,3,4.32,0,0,0,0,0
2017-01-03,12686.0,-10,-19,-28,-18,-25,-33,85,73,43,1034,1017,1012,5,4,0,11,5,0.0,0,0,0,0,0
2017-01-04,14916.0,-10,-18,-27,-18,-26,-31,84,73,42,1036,1020,1016,10,5,0,11,3,2.54,0,0,0,0,0
2017-01-05,12560.0,-12,-20,-28,-18,-24,-31,85,73,45,1043,1022,1017,8,5,2,11,5,0.25,0,0,0,0,0
2017-01-06,13898.0,-12,-20,-28,-20,-26,-33,85,73,37,1049,1029,1024,5,4,0,11,3,4.06,0,0,0,0,0
2017-01-07,12062.0,-13,-21,-28,-19,-25,-32,85,75,50,1045,1025,1020,8,5,2,6,3,3.05,0,0,0,0,0
2017-01-08,14920.0,-15,-21,-28,-15,-24,-31,85,78,62,1044,1026,1020,10,9,2,18,5,0.0,0,1,0,0,0
2017-01-09,12682.0,-15,-22,-30,-19,-26,-33,85,76,57,1044,1024,1018,10,7,2,14,5,0.0,0,1,0,0,0
2017-01-10,13064.0,-17,-23,-31,-21,-29,-35,85,73,55,1045,1023,1018,8,5,0,6,2,6.6,0,0,1,0,0
2017-01-11,12740.0,-16,-24,-32,-22,-30,-38,78,72,58,1045,1023,1017,6,4,0,6,3,6.1,0,0,0,0,0
2017-01-12,13568.0,-17,-25,-33,-23,-31,-39,78,71,53,1042,1021,1016,6,4,2,6,3,4.06,0,0,0,0,0
2017-01-13,16124.0,-15,-24,-33,-22,-30,-38,78,70,43,1043,1023,1019,10,6,2,11,3,6.6,0,0,0,0,0
2017-01-14,16476.0,-11,-19,-28,-18,-25,-35,78,67,35,1041,1022,1018,19,9,5,14,5,5.59,0,0,0,0,0
2017-01-15,14848.0,-17,-25,-33,-22,-29,-37,84,72,48,1044,1023,1018,10,6,2,6,5,8.13,0,0,0,0,0
2017-01-16,11692.0,-19,-27,-35,-24,-30,-39,77,70,50,1045,1023,1019,10,4,0,14,2,0.0,0,1,0,0,0
2017-01-17,10166.0,-21,-28,-37,-27,-33,-41,77,70,51,1050,1025,1020,10,5,0,6,3,8.89,0,0,0,0,0
2017-01-18,12894.0,-23,-31,-38,-28,-36,-43,77,68,54,1055,1032,1025,8,3,0,14,3,6.1,0,0,0,0,0
2017-01-19,15106.0,-21,-30,-40,-27,-36,-45,77,67,53,1056,1030,1022,8,6,0,6,2,7.37,0,1,0,0,0
2017-01-20,16516.0,-15,-25,-35,-21,-29,-39,78,69,46,1047,1023,1016,10,5,0,26,6,8.13,0,0,0,0,0
2017-01-21,14006.0,-17,-26,-35,-23,-31,-40,77,71,51,1050,1028,1024,10,7,0,11,3,0.0,0,1,0,0,0
2017-01-22,18548.0,-17,-27,-36,-24,-32,-40,77,67,39,1049,1026,1022,19,5,2,11,3,6.1,0,0,0,0,0
2017-01-23,18452.0,-15,-24,-33,-23,-30,-36,76,65,36,1048,1028,1022,10,5,2,11,3,6.1,0,0,0,0,0
2017-01-24,18350.0,-9,-18,-28,-17,-24,-33,78,68,42,1044,1023,1016,10,6,2,11,3,2.54,0,0,0,0,0
2017-01-25,6620.0,-5,-11,-18,-12,-16,-20,85,71,46,1038,1018,1013,19,9,2,29,8,7.11,0,0,0,0,0
2017-01-26,17420.0,-13,-21,-28,-19,-24,-32,85,73,50,1047,1027,1019,10,8,2,21,8,2.03,0,1,0,0,0
2017-01-27,10376.0,-9,-18,-27,-16,-23,-33,78,67,36,1037,1013,1007,10,5,0,18,3,6.6,0,0,0,0,0
2017-01-28,6426.0,-20,-23,-29,-19,-26,-34,78,64,40,1054,1025,1010,10,8,2,40,18,0.0,0,1,0,0,0
2017-01-29,20316.0,-19,-28,-37,-27,-33,-42,76,66,41,1059,1034,1025,10,6,2,14,5,5.59,0,0,0,0,0
2017-01-30,19022.0,-18,-27,-37,-24,-33,-42,77,62,33,1047,1025,1019,10,5,2,11,3,4.57,0,0,0,0,0
2017-01-31,17562.0,-16,-26,-35,-24,-32,-40,76,64,35,1052,1030,1023,10,5,0,11,3,8.64,0,0,0,0,0
2017-02-01,19420.0,-10,-21,-33,-19,-29,-38,77,64,31,1050,1028,1022,10,5,2,6,3,10.41,0,0,0,0,0
2017-02-02,18278.0,-11,-22,-33,-20,-28,-37,76,64,32,1042,1022,1017,10,5,2,14,3,9.65,0,0,0,0,0
2017-02-03,19030.0,-11,-21,-31,-18,-27,-35,77,65,39,1037,1019,1014,10,5,2,6,3,7.37,0,0,0,0,0
2017-02-04,19246.0,-12,-21,-31,-19,-27,-35,84,70,45,1042,1021,1017,8,5,2,11,5,4.83,0,0,0,0,0
2017-02-05,6594.0,-9,-17,-25,-13,-22,-33,85,69,41,1042,1023,1018,10,7,3,32,5,0.0,0,1,0,0,0
2017-02-10,90270.0,-9,-19,-30,-16,-25,-34,84,68,37,1048,1028,1023,10,5,0,14,3,3.56,0,0,0,0,0
2017-02-11,19842.0,-6,-17,-29,-14,-23,-32,84,69,41,1040,1022,1018,10,6,5,11,3,4.06,0,0,0,0,0
2017-02-12,18162.0,-7,-17,-27,-14,-22,-31,85,71,41,1044,1026,1021,6,4,0,11,5,0.0,0,0,0,0,0
2017-02-13,13198.0,-1,-12,-23,-10,-18,-27,84,64,29,1041,1024,1020,19,8,2,21,5,0.51,0,0,0,0,0
2017-02-14,16754.0,-2,-12,-23,-9,-16,-26,92,73,38,1038,1020,1008,10,5,0,11,5,2.54,0,0,0,0,0
2017-02-15,14166.0,-11,-17,-24,-11,-17,-27,79,71,53,1041,1015,1005,19,9,2,32,14,0.0,0,1,0,0,0
2017-02-16,19430.0,-12,-21,-31,-18,-26,-34,78,70,45,1049,1030,1023,2,1,0,18,8,8.13,0,0,0,0,0
2017-02-17,16050.0,-12,-22,-32,-18,-27,-36,78,70,47,1045,1022,1016,10,5,0,11,5,8.38,0,0,0,0,0
2017-02-18,14550.0,-3,-13,-23,-9,-19,-32,80,67,38,1034,1009,1000,19,9,2,26,8,0.0,0,1,0,0,0
2017-02-19,21528.0,-11,-18,-25,-15,-21,-29,78,64,34,1041,1022,1010,10,10,10,32,14,8.64,0,0,0,0,0
2017-02-20,9228.0,-8,-18,-28,-14,-22,-33,79,63,31,1044,1023,1017,19,9,6,21,6,4.83,0,0,0,0,0
2017-02-21,16620.0,-5,-12,-19,-11,-15,-22,85,71,46,1033,1019,1015,19,9,0,29,5,0.0,0,0,0,0,0
2017-02-22,20340.0,-8,-16,-24,-15,-21,-27,84,70,29,1041,1024,1019,19,10,0,18,8,1.78,0,0,0,0,0
2017-02-23,17408.0,-6,-14,-24,-12,-20,-29,85,69,38,1041,1024,1021,10,6,2,11,5,3.05,0,0,0,0,0
2017-02-24,17746.0,-4,-13,-22,-9,-17,-26,85,74,49,1041,1026,1023,10,6,0,18,5,4.32,0,0,0,0,0
2017-02-25,18730.0,-1,-11,-22,-7,-15,-24,85,76,43,1038,1023,1018,19,5,0,14,5,4.32,0,0,0,0,0
2017-02-26,18380.0,-1,-11,-20,-8,-14,-23,85,72,34,1032,1019,1015,19,6,0,26,5,6.1,0,0,0,0,0
2017-02-27,17584.0,-2,-10,-19,-9,-15,-23,85,72,32,1034,1020,1017,10,6,0,21,5,4.06,0,0,0,0,0
2017-02-28,20736.0,-8,-14,-20,-12,-18,-23,86,64,30,1041,1026,1019,19,10,10,40,13,1.78,0,0,0,0,0
2017-03-01,18920.0,-2,-11,-20,-8,-16,-24,86,73,39,1042,1023,1014,10,10,10,18,5,2.03,0,0,0,0,0
2017-03-02,18670.0,1,-8,-18,-5,-12,-22,86,75,45,1027,1014,1011,10,6,2,14,5,5.84,0,0,0,0,0
2017-03-03,13370.0,0,-8,-15,-6,-11,-18,86,76,43,1028,1013,1009,10,9,2,21,6,1.78,0,1,0,0,0
2017-03-04,17288.0,-6,-12,-17,-11,-14,-20,85,66,31,1037,1024,1017,19,11,10,21,10,3.81,0,0,0,0,0
2017-03-05,17040.0,-2,-9,-16,-5,-12,-18,93,75,39,1040,1025,1021,19,10,3,32,11,0.0,0,1,0,0,0
2017-03-06,17928.0,-4,-8,-12,-6,-12,-15,93,71,39,1038,1026,1020,19,10,6,29,16,0.0,0,1,0,0,0
2017-03-07,19472.0,-4,-12,-19,-12,-16,-23,85,69,39,1043,1028,1026,10,6,3,29,10,2.79,0,0,0,0,0
2017-03-08,18918.0,-1,-10,-20,-7,-14,-22,86,72,39,1040,1022,1016,19,9,2,14,6,0.76,0,0,0,0,0
2017-03-09,19436.0,2,-8,-17,-8,-13,-20,85,63,19,1028,1013,1009,8,7,2,11,5,2.03,0,0,0,0,0
2017-03-10,12572.0,-1,-8,-15,-7,-12,-17,85,72,38,1033,1015,1009,10,9,3,32,10,0.0,0,1,0,0,0
2017-03-11,20198.0,-4,-11,-18,-13,-18,-28,79,57,6,1043,1029,1021,10,10,10,21,11,0.0,0,0,0,0,0
2017-03-12,19396.0,0,-9,-18,-9,-15,-22,86,63,20,1045,1030,1027,19,9,2,18,6,0.0,0,0,0,0,0
2017-03-13,19138.0,3,-7,-17,-8,-14,-20,85,58,13,1043,1028,1023,10,8,2,11,3,1.02,0,0,0,0,0
2017-03-14,18866.0,3,-6,-14,-8,-13,-17,85,56,12,1034,1023,1020,10,8,2,14,3,1.02,0,0,0,0,0
2017-03-15,18992.0,4,-4,-13,-7,-12,-16,86,57,12,1033,1020,1016,10,9,8,11,5,3.56,0,0,0,0,0
2017-03-16,17942.0,6,-2,-10,-7,-13,-19,79,47,6,1042,1015,1011,19,10,8,18,3,1.27,0,0,0,0,0
2017-03-17,17404.0,-1,-4,-8,-8,-10,-12,80,66,37,1033,1020,1015,19,10,2,32,10,2.54,0,0,0,0,0
2017-03-18,7740.0,-1,-4,-8,-7,-9,-12,93,72,47,1035,1024,1021,10,10,8,18,6,0.0,0,1,0,0,0
2017-03-19,23112.0,1,-6,-12,-12,-15,-22,85,52,11,1040,1028,1024,10,5,2,26,5,2.03,0,0,0,0,0
2017-03-20,22452.0,4,-4,-13,-7,-13,-17,79,48,13,1040,1026,1021,10,10,10,21,5,0.51,0,0,0,0,0
2017-03-21,22426.0,3,-1,-5,-9,-12,-16,74,43,18,1028,1020,1017,19,10,3,26,13,0.76,0,0,0,0,0
2017-03-22,16154.0,4,-2,-8,-8,-12,-14,86,48,16,1029,1020,1017,10,10,10,32,10,0.0,0,0,0,0,0
2017-03-23,16282.0,3,0,-4,-8,-12,-16,60,44,14,1031,1022,1019,10,10,10,29,14,0.0,0,0,0,0,0
2017-03-24,20148.0,0,-4,-8,-10,-12,-13,73,52,26,1038,1027,1023,10,10,10,32,18,2.03,0,0,0,0,0
2017-03-25,21630.0,1,-5,-11,-10,-13,-17,85,56,15,1039,1025,1021,10,10,2,32,6,2.03,0,0,0,0,0
2017-03-26,24142.0,6,-2,-10,-10,-14,-17,85,48,9,1031,1019,1015,10,10,10,11,3,1.27,0,0,0,0,0
2017-03-27,23796.0,6,0,-7,-10,-13,-16,80,45,10,1028,1019,1016,10,10,10,21,5,2.29,0,0,0,0,0
2017-03-28,21868.0,9,1,-8,-8,-11,-15,86,47,8,1029,1017,1013,10,10,10,21,5,2.29,0,0,0,0,0
2017-03-29,20172.0,3,-1,-6,-8,-13,-18,69,41,11,1036,1023,1016,19,11,10,29,13,0.0,0,0,0,0,0
2017-03-30,23676.0,7,-1,-9,-11,-13,-15,85,46,11,1039,1028,1025,10,9,8,14,3,0.0,0,0,0,0,0
2017-03-31,22716.0,13,3,-6,-9,-13,-17,86,41,5,1036,1024,1019,10,8,2,18,5,1.27,0,0,0,0,0
2017-04-01,17658.0,14,6,-4,-8,-11,-12,74,39,9,1027,1020,1018,10,10,8,26,5,0.0,0,0,0,0,0
2017-04-02,21906.0,16,6,-3,-8,-12,-16,86,34,5,1028,1016,1010,19,10,3,32,10,0.51,0,0,0,0,0
2017-04-03,21648.0,17,8,-1,-6,-8,-11,64,30,6,1015,1008,1003,10,10,10,26,10,0.25,0,0,0,0,0
2017-04-04,20642.0,16,8,1,-3,-5,-8,80,45,12,1011,1005,1002,10,10,2,21,6,2.03,0,0,0,0,0
2017-04-05,15634.0,4,0,-6,-4,-6,-9,86,66,34,1021,1010,1004,19,10,3,29,16,0.0,0,1,0,0,0
2017-04-06,15470.0,12,4,-3,-7,-9,-13,86,41,10,1023,1011,1006,10,10,3,40,11,2.03,0,0,0,0,0
2017-04-07,24196.0,7,0,-6,-6,-12,-17,74,36,10,1028,1016,1008,10,10,10,32,14,1.02,0,0,0,0,0
2017-04-08,24158.0,12,3,-6,-10,-12,-14,79,38,9,1032,1021,1017,10,10,10,21,5,0.0,0,0,0,0,0
2017-04-09,20656.0,14,6,-2,-8,-11,-15,74,33,5,1024,1013,1008,10,10,10,29,6,0.51,0,0,0,0,0
2017-04-10,25320.0,2,-1,-5,-5,-14,-20,75,36,9,1030,1020,1011,10,10,10,40,19,1.78,0,0,0,0,0
2017-04-11,24418.0,8,0,-8,-12,-15,-18,67,34,8,1032,1020,1016,10,10,10,29,8,0.0,0,0,0,0,0
2017-04-12,23608.0,14,4,-5,-10,-13,-15,73,34,6,1026,1013,1006,10,9,2,26,8,1.02,0,0,0,0,0
2017-04-13,19550.0,15,6,-3,-10,-13,-15,63,26,5,1013,1005,1001,19,10,10,26,6,0.0,0,0,0,0,0
2017-04-14,23340.0,16,7,-2,-10,-12,-14,63,29,5,1013,1007,1004,10,9,2,32,6,0.0,0,0,0,0,0
2017-04-15,20488.0,15,7,-1,-8,-10,-12,63,31,10,1017,1011,1008,10,10,10,21,6,0.0,0,0,0,0,0
2017-04-16,9534.0,7,2,-4,2,-3,-10,93,69,26,1016,1009,1007,19,10,1,40,13,2.03,1,1,0,0,0
2017-04-17,29756.0,7,1,-5,-3,-9,-14,93,53,10,1016,1010,1007,10,10,10,40,14,0.0,0,0,0,0,0
2017-04-18,11694.0,12,4,-4,-2,-9,-16,80,50,6,1017,1004,997,10,9,2,43,13,4.83,0,1,0,0,0
2017-04-19,22776.0,7,1,-5,-8,-12,-16,80,43,12,1025,1011,1005,19,10,10,35,11,1.52,0,0,0,0,0
2017-04-20,28076.0,9,2,-6,-9,-13,-18,80,36,6,1029,1017,1013,10,10,3,21,10,0.0,0,0,0,0,0
2017-04-21,18580.0,11,4,-3,-6,-12,-18,59,34,6,1018,1010,1007,19,10,10,40,11,0.0,0,0,0,0,0
2017-04-22,24584.0,4,0,-5,-9,-13,-17,59,37,10,1022,1014,1010,10,10,10,32,13,2.29,0,0,0,0,0
2017-04-23,14746.0,2,-1,-5,-6,-13,-17,74,43,14,1025,1016,1013,10,10,10,35,14,1.02,0,0,0,0,0
2017-04-24,19016.0,7,-1,-8,-14,-17,-19,62,29,8,1031,1022,1017,19,11,10,32,11,0.0,0,0,0,0,0
2017-04-25,22410.0,11,3,-6,-13,-16,-19,67,28,4,1033,1024,1022,19,11,10,21,6,0.76,0,0,0,0,0
2017-04-26,21458.0,15,7,-2,-14,-16,-18,53,23,4,1035,1028,1025,10,8,3,32,8,0.0,0,0,0,0,0
2017-04-27,20272.0,18,8,-2,-8,-12,-15,50,24,5,1033,1023,1016,10,9,2,35,10,0.0,0,0,0,0,0
2017-04-28,25700.0,23,12,2,-6,-11,-17,64,25,4,1023,1014,1005,10,8,3,21,8,0.51,0,0,0,0,0
2017-04-29,24506.0,20,12,4,-3,-7,-14,51,27,11,1016,1012,1008,10,9,3,32,10,0.0,0,0,0,0,0
2017-04-30,21862.0,22,14,6,-3,-4,-7,69,32,7,1017,1013,1006,10,9,2,21,6,0.0,0,0,0,0,0
